address,date,unixtime,uptime,pressure,altitude,verticalSpeedAVG,verticalSpeedMAX,verticalSpeedMIN,temperatures0,temperatures1,temperatures2,accXAxisAVG,accXAxisMAX,accXAxisMIN,accYAxisAVG,accYAxisMAX,accYAxisMIN,accZAxisAVG,accZAxisMAX,accZAxisMIN,voltagesAVG,voltagesMAX,voltagesMIN,currentsAVG,currentsMAX,currentsMIN,state,sub_state,switches_status,errors
0,2022/02/14 20:44:56,1644871496,42722896,101656,-2750,0,0,-1,215,223,0,-56,-52,-60,-139,-136,-144,918,924,916,993,994,984,4,41,1,3,0,0xE0,0x0000
1,2022/02/14 20:45:07,1644871507,42733002,101656,-2750,-3,0,-6,216,224,0,-57,-52,-76,-140,-132,-148,916,924,904,947,984,935,237,300,44,0,0,0xFF,0x0000
2,2022/02/14 20:45:18,1644871518,42744004,101656,-2750,0,3,-1,220,225,0,-57,-52,-60,-140,-128,-148,916,924,912,944,945,942,256,270,254,0,0,0xFF,0x0000
3,2022/02/14 20:45:29,1644871529,42755004,101657,-2758,0,3,-1,221,226,0,-56,-52,-64,-140,-136,-144,916,920,908,979,988,943,74,268,31,0,0,0xFD,0x0000
4,2022/02/14 20:45:40,1644871540,42766018,101663,-2808,-2,0,-7,220,227,0,-56,-52,-64,-140,-136,-148,916,924,908,988,988,988,30,31,30,0,0,0xFD,0x0000
5,2022/02/14 20:45:51,1644871551,42777003,101662,-2800,0,2,-4,220,228,0,-56,-52,-68,-140,-136,-148,916,924,908,988,988,988,31,31,31,0,0,0xFD,0x0000
6,2022/02/14 20:46:02,1644871562,42788000,101660,-2783,0,2,-3,220,228,0,-56,-52,-64,-141,-136,-148,916,928,908,988,988,988,30,31,30,0,0,0xFD,0x0000
7,2022/02/14 20:46:13,1644871573,42799000,101663,-2808,0,1,-2,219,228,0,-56,-52,-64,-140,-136,-148,916,924,912,988,988,988,30,31,30,0,0,0xFD,0x0000
8,2022/02/14 20:46:24,1644871584,42810002,101659,-2775,0,4,-1,219,228,0,-56,-52,-60,-140,-136,-144,917,924,912,988,988,988,30,31,30,0,0,0xFD,0x0000
9,2022/02/14 20:46:35,1644871595,42821001,101660,-2783,1,5,-1,219,228,0,-56,-52,-64,-140,-136,-148,916,924,912,988,988,988,31,31,31,0,0,0xFD,0x0000
10,2022/02/14 20:46:46,1644871606,42832003,101658,-2766,0,1,-5,219,227,0,-56,-52,-64,-140,-136,-148,916,924,908,988,988,988,31,31,31,0,0,0xFD,0x0000
11,2022/02/14 20:46:57,1644871617,42843001,101658,-2766,0,1,-1,219,227,0,-56,-52,-60,-140,-132,-148,916,924,912,988,988,988,30,31,30,0,0,0xFD,0x0000
12,2022/02/14 20:47:08,1644871628,42854002,101658,-2766,0,2,-1,218,227,0,-56,-48,-64,-140,-136,-148,917,924,912,988,988,988,30,31,30,0,0,0xFD,0x0000
13,2022/02/14 20:47:19,1644871639,42865003,101660,-2783,-1,0,-2,218,227,0,-56,-52,-60,-140,-132,-148,916,924,908,988,988,988,30,31,30,0,0,0xFD,0x0000
14,2022/02/14 20:47:30,1644871650,42876001,101662,-2800,0,1,-2,218,227,0,-56,-52,-64,-140,-132,-148,916,924,912,988,988,988,30,31,30,0,0,0xFD,0x0000
15,2022/02/14 20:47:41,1644871661,42887002,101659,-2775,0,2,-1,218,227,0,-56,-52,-60,-141,-136,-148,917,924,912,988,988,988,30,31,30,0,0,0xFD,0x0000
16,2022/02/14 20:47:52,1644871672,42898006,101662,-2800,0,2,-2,218,227,0,-55,-52,-60,-140,-136,-144,916,920,908,988,988,988,30,31,30,0,0,0xFD,0x0000
17,2022/02/14 20:48:03,1644871683,42909001,101662,-2800,0,0,-4,218,227,0,-56,-48,-64,-141,-136,-148,917,924,912,988,988,988,30,31,30,0,0,0xFD,0x0000
18,2022/02/14 20:48:14,1644871694,42920002,101664,-2816,-1,0,-3,218,227,0,-56,-52,-64,-140,-136,-144,916,924,908,988,988,988,30,31,30,0,0,0xFD,0x0000
19,2022/02/14 20:48:25,1644871705,42931000,101664,-2816,1,3,0,218,227,0,-56,-52,-60,-140,-136,-148,917,924,912,988,988,988,30,31,30,0,0,0xFD,0x0000
20,2022/02/14 20:48:36,1644871716,42942004,101668,-2849,-2,1,-7,218,227,0,-56,-52,-60,-140,-136,-148,916,924,908,988,988,988,30,31,30,0,0,0xFD,0x0000
21,2022/02/14 20:48:47,1644871727,42953000,101668,-2849,-1,0,-5,218,226,0,-56,-52,-60,-140,-132,-148,916,924,908,988,988,988,30,31,30,0,0,0xFD,0x0000
22,2022/02/14 20:48:58,1644871738,42964000,101666,-2833,0,2,0,218,226,0,-56,-52,-64,-140,-136,-148,917,924,908,988,988,988,30,31,30,0,0,0xFD,0x0000
23,2022/02/14 20:49:09,1644871749,42975001,101670,-2866,-3,-1,-6,218,227,0,-55,-52,-60,-140,-136,-148,917,924,912,988,988,988,30,31,30,0,0,0xFD,0x0000
24,2022/02/14 20:49:20,1644871760,42986002,101672,-2882,0,2,-2,218,227,0,-56,-52,-64,-140,-136,-148,916,920,908,988,988,988,30,31,30,0,0,0xFD,0x0000
25,2022/02/14 20:49:31,1644871771,42997002,101671,-2874,0,1,-3,218,226,0,-56,-52,-60,-140,-136,-148,916,924,908,988,988,988,30,31,30,0,0,0xFD,0x0000
26,2022/02/14 20:49:42,1644871782,43008000,101665,-2824,3,5,1,218,226,0,-56,-52,-64,-140,-132,-148,916,924,912,988,988,988,30,31,30,0,0,0xFD,0x0000
27,2022/02/14 20:49:53,1644871793,43019003,101664,-2816,2,5,0,218,226,0,-56,-48,-64,-140,-136,-144,917,924,912,988,988,988,30,31,30,0,0,0xFD,0x0000
28,2022/02/14 20:50:04,1644871804,43030000,101666,-2833,0,1,-3,218,227,0,-56,-52,-64,-140,-136,-144,916,924,908,988,988,988,30,31,30,0,0,0xFD,0x0000
29,2022/02/14 20:50:15,1644871815,43041001,101669,-2858,-1,0,-4,218,226,0,-56,-48,-64,-140,-136,-144,917,924,912,988,988,988,30,31,30,0,0,0xFD,0x0000
30,2022/02/14 20:50:26,1644871826,43052001,101665,-2824,0,2,-1,218,226,0,-56,-52,-60,-140,-136,-148,916,924,908,988,988,988,31,31,31,0,0,0xFD,0x0000
31,2022/02/14 20:50:37,1644871837,43063000,101663,-2808,3,6,1,218,227,0,-56,-52,-60,-140,-136,-148,917,924,908,988,988,988,31,31,31,0,0,0xFD,0x0000
32,2022/02/14 20:50:48,1644871848,43074016,101665,-2824,0,2,-3,218,226,0,-56,-52,-60,-140,-136,-148,917,924,908,988,988,988,30,31,30,0,0,0xFD,0x0000
33,2022/02/14 20:50:59,1644871859,43085001,101668,-2849,-1,1,-4,218,227,0,-56,-52,-64,-140,-136,-148,916,924,908,988,988,988,30,31,30,0,0,0xFD,0x0000
34,2022/02/14 20:51:10,1644871870,43096004,101671,-2874,-2,0,-6,218,227,0,-56,-52,-60,-140,-136,-144,917,924,912,988,988,988,30,31,30,0,0,0xFD,0x0000
35,2022/02/14 20:51:21,1644871881,43107003,101681,-2957,-2,4,-10,218,227,0,-56,-52,-64,-140,-132,-144,917,924,908,988,988,988,30,31,30,0,0,0xFD,0x0000
36,2022/02/14 20:51:32,1644871892,43118002,101684,-2982,-7,-3,-10,218,227,0,-56,-48,-60,-140,-136,-144,917,924,912,988,988,988,30,31,30,0,0,0xFD,0x0000
37,2022/02/14 20:51:43,1644871903,43129003,101682,-2965,0,6,-3,218,227,0,-56,-52,-64,-140,-132,-148,916,924,912,988,988,988,30,31,30,0,0,0xFD,0x0000
38,2022/02/14 20:51:54,1644871914,43140004,101681,-2957,2,6,-1,218,226,0,-56,-52,-60,-141,-136,-144,917,924,912,988,988,988,30,31,30,0,0,0xFD,0x0000
39,2022/02/14 20:52:05,1644871925,43151002,101676,-2916,0,2,-1,218,226,0,-56,-52,-60,-140,-136,-148,916,924,908,988,988,988,30,31,30,0,0,0xFD,0x0000
40,2022/02/14 20:52:16,1644871936,43162002,101674,-2899,2,6,0,218,226,0,-56,-52,-64,-140,-132,-148,916,924,908,988,988,988,30,31,30,0,0,0xFD,0x0000
41,2022/02/14 20:52:27,1644871947,43173001,101681,-2957,-4,0,-6,218,226,0,-56,-52,-60,-140,-136,-148,916,924,908,988,988,988,30,31,30,0,0,0xFD,0x0000
42,2022/02/14 20:52:38,1644871958,43184000,101681,-2957,0,1,-2,218,226,0,-56,-48,-64,-140,-132,-148,916,924,908,988,988,988,30,31,30,0,0,0xFD,0x0000
43,2022/02/14 20:52:49,1644871969,43195000,101678,-2932,0,3,-3,218,226,0,-56,-52,-60,-140,-136,-148,917,924,912,988,988,988,30,31,30,0,0,0xFD,0x0000
44,2022/02/14 20:53:00,1644871980,43206000,101675,-2907,1,3,0,218,226,0,-56,-52,-64,-140,-132,-148,916,924,908,988,988,988,30,31,30,0,0,0xFD,0x0000
45,2022/02/14 20:53:11,1644871991,43217001,101676,-2916,0,2,-1,218,226,0,-56,-52,-64,-140,-136,-144,916,924,908,988,988,988,30,31,30,0,0,0xFD,0x0000
46,2022/02/14 20:53:22,1644872002,43228003,101678,-2932,0,1,-2,218,226,0,-56,-52,-64,-140,-136,-148,917,924,912,988,988,988,30,31,30,0,0,0xFD,0x0000
47,2022/02/14 20:53:33,1644872013,43239004,101677,-2924,0,2,-1,218,226,0,-56,-48,-60,-140,-132,-148,916,924,912,988,988,988,30,31,30,0,0,0xFD,0x0000
48,2022/02/14 20:53:44,1644872024,43250000,101679,-2941,-1,0,-3,218,226,0,-56,-48,-64,-141,-136,-148,916,924,908,988,988,988,30,31,30,0,0,0xFD,0x0000
49,2022/02/14 20:53:55,1644872035,43261000,101679,-2941,0,0,-1,218,226,0,-56,-52,-60,-140,-136,-148,916,924,912,988,988,988,30,31,30,0,0,0xFD,0x0000
50,2022/02/14 20:54:06,1644872046,43272000,101677,-2924,1,4,-1,218,226,0,-56,-48,-64,-140,-136,-144,916,924,912,988,988,988,30,31,30,0,0,0xFD,0x0000
51,2022/02/14 20:54:17,1644872057,43283001,101677,-2924,0,2,-2,218,226,0,-56,-52,-60,-140,-132,-148,917,924,908,988,988,988,30,31,30,0,0,0xFD,0x0000
52,2022/02/14 20:54:28,1644872068,43294003,101677,-2924,0,1,-1,218,226,0,-56,-48,-60,-140,-136,-148,916,924,912,988,988,988,30,31,30,0,0,0xFD,0x0000
53,2022/02/14 20:54:39,1644872079,43305003,101680,-2949,-1,0,-4,218,226,0,-56,-52,-64,-140,-136,-144,916,924,912,988,988,988,30,31,30,0,0,0xFD,0x0000
54,2022/02/14 20:54:50,1644872090,43316000,101672,-2882,3,7,0,218,226,0,-56,-52,-60,-140,-136,-148,916,924,912,988,988,988,30,31,30,0,0,0xFD,0x0000
55,2022/02/14 20:55:01,1644872101,43327000,101670,-2866,1,4,-1,218,226,0,-56,-52,-60,-141,-136,-148,917,924,908,988,988,988,30,31,30,0,0,0xFD,0x0000
56,2022/02/14 20:55:12,1644872112,43338001,101672,-2882,0,2,-2,218,226,0,-56,-52,-64,-141,-136,-148,916,924,912,988,988,988,30,31,30,0,0,0xFD,0x0000
57,2022/02/14 20:55:23,1644872123,43349004,101678,-2932,-1,0,-6,218,226,0,-56,-52,-64,-140,-136,-144,916,920,912,988,988,988,30,31,30,0,0,0xFD,0x0000
58,2022/02/14 20:55:34,1644872134,43360003,101674,-2899,1,4,0,218,226,0,-56,-48,-64,-140,-132,-148,916,924,912,988,988,988,30,31,30,0,0,0xFD,0x0000
59,2022/02/14 20:55:45,1644872145,43371036,101680,-2949,-2,0,-7,218,226,0,-56,-52,-64,-141,-132,-148,916,924,912,988,988,988,30,31,30,0,0,0xFD,0x0000
60,2022/02/14 20:55:56,1644872156,43382000,101682,-2965,-3,0,-7,218,226,0,-56,-52,-64,-140,-136,-148,916,924,912,988,988,988,30,31,30,0,0,0xFD,0x0000
61,2022/02/14 20:56:07,1644872167,43393002,101688,-3015,-2,0,-6,218,226,0,-56,-52,-64,-140,-136,-148,917,924,912,988,988,988,30,31,30,0,0,0xFD,0x0000
62,2022/02/14 20:56:18,1644872178,43404002,101689,-3024,-1,0,-6,218,226,0,-56,-48,-64,-140,-136,-148,916,924,912,988,988,988,30,31,30,0,0,0xFD,0x0000
63,2022/02/14 20:56:29,1644872189,43415003,101680,-2949,2,6,0,218,226,0,-56,-48,-60,-140,-136,-148,916,924,912,988,988,988,30,31,30,0,0,0xFD,0x0000
64,2022/02/14 20:56:40,1644872200,43426002,101686,-2999,0,1,-5,218,226,0,-56,-52,-60,-140,-136,-148,916,924,912,988,988,988,30,31,30,0,0,0xFD,0x0000
65,2022/02/14 20:56:51,1644872211,43437000,101681,-2957,2,5,0,218,226,0,-56,-52,-60,-140,-136,-148,916,924,908,988,988,988,30,31,30,0,0,0xFD,0x0000
66,2022/02/14 20:57:02,1644872222,43448003,101677,-2924,3,4,1,218,226,0,-56,-48,-64,-140,-136,-148,916,924,912,988,988,988,30,31,30,0,0,0xFD,0x0000
67,2022/02/14 20:57:13,1644872233,43459002,101676,-2916,0,1,-1,218,226,0,-56,-52,-64,-140,-136,-144,916,924,912,988,988,988,30,31,30,0,0,0xFD,0x0000
68,2022/02/14 20:57:24,1644872244,43470001,101677,-2924,0,1,-2,218,226,0,-56,-52,-64,-141,-136,-148,916,920,908,988,988,988,30,31,30,0,0,0xFD,0x0000
69,2022/02/14 20:57:35,1644872255,43481001,101681,-2957,-1,1,-4,218,226,0,-55,-48,-60,-140,-136,-148,916,924,908,988,988,988,30,31,30,0,0,0xFD,0x0000
70,2022/02/14 20:57:46,1644872266,43492001,101689,-3024,-3,0,-6,218,226,0,-56,-52,-60,-141,-136,-148,916,924,908,988,988,988,30,31,30,0,0,0xFD,0x0000
71,2022/02/14 20:57:57,1644872277,43503000,101688,-3015,-2,1,-4,218,226,0,-56,-52,-60,-141,-136,-148,916,924,912,988,988,988,30,31,30,0,0,0xFD,0x0000
72,2022/02/14 20:58:08,1644872288,43514004,101694,-3065,1,4,-4,218,226,0,-56,-48,-64,-140,-136,-144,916,924,908,988,988,988,30,31,30,0,0,0xFD,0x0000
73,2022/02/14 20:58:19,1644872299,43525004,101690,-3032,-2,4,-9,218,226,0,-56,-52,-60,-140,-136,-144,916,924,908,988,988,988,30,31,30,0,0,0xFD,0x0000
74,2022/02/14 20:58:30,1644872310,43536001,101683,-2974,3,5,1,218,226,0,-56,-48,-64,-140,-136,-148,917,924,908,988,988,988,30,31,30,0,0,0xFD,0x0000
75,2022/02/14 20:58:41,1644872321,43547001,101679,-2941,3,6,1,218,226,0,-56,-52,-60,-141,-136,-148,916,920,912,988,988,988,30,31,30,0,0,0xFD,0x0000
76,2022/02/14 20:58:52,1644872332,43558002,101686,-2999,0,4,-7,218,226,0,-56,-52,-64,-140,-136,-144,916,924,908,988,988,988,30,31,30,0,0,0xFD,0x0000
77,2022/02/14 20:59:03,1644872343,43569001,101686,-2999,-2,3,-5,218,226,0,-55,-48,-60,-141,-136,-148,916,924,908,988,988,988,30,31,30,0,0,0xFD,0x0000
78,2022/02/14 20:59:14,1644872354,43580004,101688,-3015,-2,0,-5,218,226,0,-56,-52,-64,-140,-132,-148,916,924,908,988,988,988,30,31,30,0,0,0xFD,0x0000
79,2022/02/14 20:59:25,1644872365,43591003,101690,-3032,-2,0,-4,218,226,0,-56,-52,-64,-141,-136,-148,917,924,912,988,988,988,30,31,30,0,0,0xFD,0x0000
80,2022/02/14 20:59:36,1644872376,43602004,101679,-2941,6,10,3,218,226,0,-56,-52,-60,-140,-136,-148,916,924,908,988,988,988,30,31,30,0,0,0xFD,0x0000
81,2022/02/14 20:59:47,1644872387,43613001,101688,-3015,-3,1,-7,218,226,0,-56,-48,-60,-140,-136,-148,916,924,912,988,988,988,30,31,30,0,0,0xFD,0x0000
82,2022/02/14 20:59:58,1644872398,43624002,101697,-3090,-4,-2,-8,218,226,0,-55,-48,-60,-140,-136,-144,917,920,908,988,988,988,30,31,30,0,0,0xFD,0x0000
83,2022/02/14 21:00:09,1644872409,43635003,101717,-3256,-17,-3,-37,218,226,0,-56,-52,-60,-141,-136,-148,916,924,908,988,988,988,30,31,30,0,0,0xFD,0x0000
84,2022/02/14 21:00:20,1644872420,43646002,101699,-3106,11,30,-8,218,226,0,-56,-52,-60,-140,-136,-144,916,924,912,988,988,988,30,31,30,0,0,0xFD,0x0000
85,2022/02/14 21:00:31,1644872431,43657004,101685,-2990,10,18,-3,218,226,0,-56,-52,-60,-141,-136,-148,917,924,912,988,988,988,30,31,30,0,0,0xFD,0x0000
86,2022/02/14 21:00:42,1644872442,43668003,101704,-3148,-5,7,-16,218,226,0,-56,-52,-64,-140,-136,-148,917,924,912,988,988,988,30,31,30,0,0,0xFD,0x0000
87,2022/02/14 21:00:53,1644872453,43679003,101689,-3024,-1,16,-16,218,226,0,-55,-52,-64,-140,-132,-148,916,924,908,988,988,988,30,31,30,0,0,0xFD,0x0000
88,2022/02/14 21:01:04,1644872464,43690002,101694,-3065,7,24,-15,218,226,0,-56,-52,-60,-140,-136,-148,916,924,912,988,988,988,30,31,30,0,0,0xFD,0x0000
89,2022/02/14 21:01:15,1644872475,43701031,101681,-2957,3,12,-7,218,226,0,-56,-52,-60,-141,-136,-144,917,924,912,988,988,988,30,31,30,0,0,0xFD,0x0000
90,2022/02/14 21:01:26,1644872486,43712003,101680,-2949,0,3,-1,218,226,0,-56,-52,-64,-141,-136,-148,916,924,912,988,988,988,30,31,30,0,0,0xFD,0x0000
91,2022/02/14 21:01:37,1644872497,43723004,101671,-2874,3,12,-3,218,226,0,-56,-52,-64,-141,-136,-148,916,924,908,988,988,988,30,31,30,0,0,0xFD,0x0000
92,2022/02/14 21:01:48,1644872508,43734002,101682,-2965,-1,9,-7,218,226,0,-56,-48,-64,-140,-136,-148,916,920,908,988,988,988,30,31,30,0,0,0xFD,0x0000
93,2022/02/14 21:01:59,1644872519,43745004,101683,-2974,-3,1,-9,218,226,0,-55,-48,-60,-141,-136,-148,916,924,912,988,988,988,30,31,30,0,0,0xFD,0x0000
94,2022/02/14 21:02:10,1644872530,43756001,101681,-2957,0,4,-3,218,226,0,-56,-48,-64,-140,-132,-148,916,924,908,988,988,988,30,31,30,0,0,0xFD,0x0000
95,2022/02/14 21:02:21,1644872541,43767006,101681,-2957,1,6,-1,218,226,0,-56,-52,-64,-141,-136,-148,916,924,912,988,988,988,30,31,30,0,0,0xFD,0x0000
96,2022/02/14 21:02:32,1644872552,43778002,101691,-3040,-5,0,-11,218,226,0,-56,-48,-64,-141,-136,-148,916,924,912,988,988,988,30,31,30,0,0,0xFD,0x0000
97,2022/02/14 21:02:43,1644872563,43789002,101684,-2982,6,12,0,218,226,0,-56,-48,-60,-140,-136,-148,917,924,912,988,988,988,30,31,30,0,0,0xFD,0x0000
98,2022/02/14 21:02:54,1644872574,43800002,101691,-3040,-6,-2,-10,218,226,0,-56,-48,-60,-141,-136,-148,916,924,908,988,988,988,30,31,30,0,0,0xFD,0x0000
99,2022/02/14 21:03:05,1644872585,43811004,101702,-3131,-11,5,-19,218,226,0,-56,-48,-60,-141,-136,-148,916,924,912,988,988,988,30,31,30,0,0,0xFD,0x0000
100,2022/02/14 21:03:16,1644872596,43822000,101688,-3015,4,14,-5,218,226,0,-56,-52,-64,-140,-132,-148,916,924,908,988,988,988,30,31,30,0,0,0xFD,0x0000
101,2022/02/14 21:03:27,1644872607,43833002,101687,-3007,11,22,-1,218,226,0,-56,-48,-60,-140,-136,-148,917,924,912,988,988,988,30,31,30,0,0,0xFD,0x0000
102,2022/02/14 21:03:38,1644872618,43844002,101688,-3015,-3,2,-7,218,226,0,-56,-48,-60,-140,-136,-148,916,924,908,988,988,988,30,31,30,0,0,0xFD,0x0000
103,2022/02/14 21:03:49,1644872629,43855000,101713,-3223,-8,1,-20,218,226,0,-56,-48,-60,-140,-136,-152,916,924,912,988,988,988,30,31,30,0,0,0xFD,0x0000
104,2022/02/14 21:04:00,1644872640,43866002,101712,-3214,-3,2,-13,218,226,0,-55,-48,-60,-141,-136,-148,916,924,912,988,988,988,30,31,30,0,0,0xFD,0x0000
105,2022/02/14 21:04:11,1644872651,43877000,101695,-3073,7,15,0,218,226,0,-55,-48,-64,-141,-136,-148,916,924,908,988,988,988,30,31,30,0,0,0xFD,0x0000
106,2022/02/14 21:04:22,1644872662,43888002,101692,-3048,1,9,-6,218,226,0,-56,-52,-64,-141,-136,-148,916,924,908,988,988,988,30,31,30,0,0,0xFD,0x0000
107,2022/02/14 21:04:33,1644872673,43899001,101683,-2974,2,11,-4,218,226,0,-55,-48,-64,-141,-136,-148,916,924,912,988,988,988,30,31,30,0,0,0xFD,0x0000
108,2022/02/14 21:04:44,1644872684,43910002,101688,-3015,3,9,-4,218,227,0,-56,-52,-60,-140,-132,-144,916,924,912,988,988,988,30,31,30,0,0,0xFD,0x0000
109,2022/02/14 21:04:55,1644872695,43921003,101688,-3015,-5,3,-10,218,227,0,-55,-52,-60,-141,-136,-148,917,924,912,988,988,988,30,31,30,0,0,0xFD,0x0000
110,2022/02/14 21:05:06,1644872706,43932003,101689,-3024,5,12,-3,218,227,0,-56,-52,-60,-141,-136,-148,916,924,908,988,988,988,30,31,30,0,0,0xFD,0x0000
111,2022/02/14 21:05:17,1644872717,43943001,101687,-3007,-2,1,-6,218,227,0,-55,-52,-60,-141,-136,-148,917,924,912,988,988,988,30,31,30,0,0,0xFD,0x0000
112,2022/02/14 21:05:28,1644872728,43954002,101678,-2932,10,17,2,218,227,0,-56,-52,-64,-141,-132,-148,917,928,912,988,988,988,30,31,30,0,0,0xFD,0x0000
113,2022/02/14 21:05:39,1644872739,43965001,101693,-3057,-11,-6,-15,218,227,0,-55,-52,-60,-141,-136,-148,916,924,912,988,988,988,30,31,30,0,0,0xFD,0x0000
114,2022/02/14 21:05:50,1644872750,43976003,101671,-2874,16,25,3,218,227,0,-55,-52,-64,-141,-136,-148,916,924,912,988,988,988,30,31,30,0,0,0xFD,0x0000
115,2022/02/14 21:06:01,1644872761,43987044,101679,-2941,-5,-1,-8,218,227,0,-56,-52,-64,-140,-136,-148,916,924,912,988,988,988,30,31,30,0,0,0xFD,0x0000
116,2022/02/14 21:06:12,1644872772,43998002,101683,-2974,-10,-2,-16,218,227,0,-56,-52,-60,-140,-136,-148,917,924,912,988,988,988,30,31,30,0,0,0xFD,0x0000
117,2022/02/14 21:06:23,1644872783,44009000,101693,-3057,3,11,-13,218,227,0,-55,-52,-60,-141,-136,-148,917,924,908,988,988,988,30,31,30,0,0,0xFD,0x0000
118,2022/02/14 21:06:34,1644872794,44020004,101684,-2982,0,9,-10,218,227,0,-56,-52,-60,-140,-136,-148,916,924,908,988,988,988,30,31,30,0,0,0xFD,0x0000
119,2022/02/14 21:06:45,1644872805,44031001,101688,-3015,2,8,-5,218,227,0,-56,-52,-60,-140,-136,-148,916,924,912,988,988,988,30,31,30,0,0,0xFD,0x0000
120,2022/02/14 21:06:56,1644872816,44042002,101683,-2974,-3,1,-9,218,227,0,-56,-52,-64,-140,-136,-148,917,924,912,988,988,988,30,31,30,0,0,0xFD,0x0000
121,2022/02/14 21:07:07,1644872827,44053002,101680,-2949,0,8,-16,218,227,0,-55,-52,-60,-140,-136,-148,917,924,912,988,988,988,30,31,30,0,0,0xFD,0x0000
122,2022/02/14 21:07:18,1644872838,44064000,101684,-2982,3,12,-1,218,227,0,-56,-52,-60,-140,-132,-148,916,924,912,988,988,988,30,31,30,0,0,0xFD,0x0000
123,2022/02/14 21:07:29,1644872849,44075002,101676,-2916,2,10,-5,218,227,0,-56,-52,-60,-141,-136,-148,917,924,912,988,988,988,30,31,30,0,0,0xFD,0x0000
124,2022/02/14 21:07:40,1644872860,44086002,101673,-2891,2,7,0,218,227,0,-55,-52,-60,-141,-136,-148,917,924,912,988,988,988,30,31,30,0,0,0xFD,0x0000
125,2022/02/14 21:07:51,1644872871,44097003,101682,-2965,-1,3,-9,218,227,0,-56,-52,-60,-140,-136,-144,917,924,912,988,988,988,30,31,30,0,0,0xFD,0x0000
126,2022/02/14 21:08:02,1644872882,44108003,101681,-2957,-3,3,-11,218,227,0,-55,-48,-64,-141,-136,-148,916,924,908,988,988,988,30,31,30,0,0,0xFD,0x0000
127,2022/02/14 21:08:13,1644872893,44119001,101677,-2924,3,8,0,218,227,0,-56,-48,-64,-141,-136,-148,916,920,908,988,988,988,30,31,30,0,0,0xFD,0x0000
128,2022/02/14 21:08:24,1644872904,44130002,101677,-2924,0,5,-5,218,227,0,-56,-52,-64,-140,-136,-144,916,924,912,988,988,988,30,31,30,0,0,0xFD,0x0000
129,2022/02/14 21:08:35,1644872915,44141001,101680,-2949,-4,0,-8,219,227,0,-56,-52,-64,-140,-132,-144,916,920,908,988,988,988,30,31,30,0,0,0xFD,0x0000
130,2022/02/14 21:08:46,1644872926,44152002,101674,-2899,3,9,-1,218,227,0,-56,-52,-60,-141,-136,-148,916,924,912,988,988,988,30,31,30,0,0,0xFD,0x0000
131,2022/02/14 21:08:57,1644872937,44163003,101676,-2916,1,5,-1,219,227,0,-56,-48,-60,-141,-136,-148,917,924,908,988,988,988,30,31,30,0,0,0xFD,0x0000
132,2022/02/14 21:09:08,1644872948,44174001,101678,-2932,0,3,-5,219,227,0,-55,-48,-60,-141,-136,-148,917,924,912,988,988,988,30,31,30,0,0,0xFD,0x0000
133,2022/02/14 21:09:19,1644872959,44185002,101680,-2949,-3,3,-11,219,227,0,-56,-52,-60,-141,-136,-148,917,924,912,988,988,988,30,31,30,0,0,0xFD,0x0000
134,2022/02/14 21:09:30,1644872970,44196001,101677,-2924,2,8,-3,219,227,0,-55,-48,-64,-141,-136,-144,917,924,912,988,988,988,30,31,30,0,0,0xFD,0x0000
135,2022/02/14 21:09:41,1644872981,44207004,101677,-2924,0,1,-2,219,227,0,-56,-52,-64,-141,-136,-148,916,928,912,988,988,988,30,31,30,0,0,0xFD,0x0000
136,2022/02/14 21:09:52,1644872992,44218002,101684,-2982,-2,2,-6,219,227,0,-56,-52,-64,-141,-136,-148,917,924,912,988,988,988,30,31,30,0,0,0xFD,0x0000
137,2022/02/14 21:10:03,1644873003,44229003,101684,-2982,0,4,-2,219,227,0,-56,-48,-60,-140,-136,-148,917,924,912,988,988,988,30,31,30,0,0,0xFD,0x0000
138,2022/02/14 21:10:14,1644873014,44240002,101676,-2916,0,8,-5,219,227,0,-55,-48,-60,-141,-136,-148,917,924,912,988,988,988,30,31,30,0,0,0xFD,0x0000
139,2022/02/14 21:10:25,1644873025,44251001,101677,-2924,4,7,0,219,227,0,-55,-48,-60,-140,-136,-148,917,924,912,988,988,988,30,31,30,0,0,0xFD,0x0000
140,2022/02/14 21:10:36,1644873036,44262013,101681,-2957,-5,-2,-10,219,227,0,-56,-52,-60,-141,-136,-144,916,924,912,988,988,988,30,31,30,0,0,0xFD,0x0000
141,2022/02/14 21:10:47,1644873047,44273003,101678,-2932,6,9,1,219,227,0,-56,-52,-60,-141,-136,-148,916,924,908,988,988,988,30,31,30,0,0,0xFD,0x0000
142,2022/02/14 21:10:58,1644873058,44284000,101683,-2974,-1,2,-7,219,227,0,-55,-52,-60,-141,-136,-148,916,924,912,988,988,988,30,31,30,0,0,0xFD,0x0000
143,2022/02/14 21:11:09,1644873069,44295002,101687,-3007,-7,-1,-12,219,227,0,-55,-48,-64,-141,-136,-144,917,924,908,988,988,988,30,31,30,0,0,0xFD,0x0000
144,2022/02/14 21:11:20,1644873080,44306004,101686,-2999,2,5,0,219,227,0,-56,-52,-60,-141,-136,-148,917,924,912,988,988,988,30,31,30,0,0,0xFD,0x0000
145,2022/02/14 21:11:31,1644873091,44317003,101684,-2982,0,4,-3,219,227,0,-55,-52,-60,-141,-136,-148,917,924,908,988,988,988,30,31,30,0,0,0xFD,0x0000
146,2022/02/14 21:11:42,1644873102,44328003,101684,-2982,0,4,-3,219,228,0,-56,-52,-60,-140,-136,-144,917,924,912,988,988,988,30,31,30,0,0,0xFD,0x0000
147,2022/02/14 21:11:53,1644873113,44339000,101690,-3032,-1,0,-5,219,228,0,-55,-48,-60,-141,-136,-148,916,924,912,988,988,988,30,31,30,0,0,0xFD,0x0000
148,2022/02/14 21:12:04,1644873124,44350001,101687,-3007,1,4,-3,219,228,0,-55,-52,-64,-141,-136,-148,917,924,912,988,988,988,30,31,30,0,0,0xFD,0x0000
149,2022/02/14 21:12:15,1644873135,44361004,101689,-3024,-1,1,-4,219,228,0,-55,-52,-60,-141,-136,-148,916,924,912,988,988,988,30,31,30,0,0,0xFD,0x0000
150,2022/02/14 21:12:26,1644873146,44372000,101694,-3065,-2,0,-4,219,228,0,-55,-48,-64,-141,-136,-152,916,924,908,988,988,988,30,31,30,0,0,0xFD,0x0000
151,2022/02/14 21:12:37,1644873157,44383004,101689,-3024,1,5,-1,219,228,0,-56,-52,-60,-141,-136,-148,917,924,908,988,988,988,30,31,30,0,0,0xFD,0x0000
152,2022/02/14 21:12:48,1644873168,44394001,101692,-3048,0,0,-4,219,227,0,-56,-52,-64,-141,-136,-148,916,924,908,988,988,988,30,31,30,0,0,0xFD,0x0000
153,2022/02/14 21:12:59,1644873179,44405003,101689,-3024,1,4,0,219,228,0,-56,-52,-64,-140,-136,-144,917,928,908,988,988,988,30,31,30,0,0,0xFD,0x0000
154,2022/02/14 21:13:10,1644873190,44416000,101693,-3057,-1,0,-3,219,228,0,-56,-48,-60,-141,-136,-148,916,924,908,988,988,988,31,31,31,0,0,0xFD,0x0000
155,2022/02/14 21:13:21,1644873201,44427004,101695,-3073,0,1,-5,219,228,0,-56,-52,-64,-141,-136,-148,916,924,908,988,988,988,30,31,30,0,0,0xFD,0x0000
156,2022/02/14 21:13:32,1644873212,44438000,101699,-3106,-1,1,-6,219,228,0,-56,-52,-60,-140,-136,-148,916,924,912,988,988,988,30,31,30,0,0,0xFD,0x0000
157,2022/02/14 21:13:43,1644873223,44449003,101699,-3106,-2,0,-5,220,228,0,-56,-52,-64,-140,-132,-148,917,924,908,988,988,988,30,31,30,0,0,0xFD,0x0000
158,2022/02/14 21:13:54,1644873234,44460000,101698,-3098,0,3,-2,220,228,0,-55,-48,-60,-141,-136,-148,916,924,912,988,988,988,31,31,31,0,0,0xFD,0x0000
159,2022/02/14 21:14:05,1644873245,44471003,101698,-3098,0,2,-1,220,228,0,-56,-48,-60,-141,-136,-148,917,924,912,988,988,988,30,31,30,0,0,0xFD,0x0000
160,2022/02/14 21:14:16,1644873256,44482000,101696,-3082,0,2,-1,220,228,0,-56,-52,-60,-141,-136,-148,917,924,908,988,988,988,30,31,30,0,0,0xFD,0x0000
161,2022/02/14 21:14:27,1644873267,44493004,101692,-3048,1,5,0,220,228,0,-56,-52,-64,-141,-136,-148,917,924,908,988,990,988,26,31,18,0,0,0xF8,0x0000
162,2022/02/14 21:14:48,1644873288,11003,101696,-3082,0,0,0,219,227,0,-55,-48,-60,-140,-136,-148,918,924,912,994,994,994,1,1,1,0,0,0xE0,0x0000
163,2022/02/14 21:14:59,1644873299,22001,101696,-3082,0,1,-3,219,227,0,-55,-48,-60,-140,-136,-144,918,924,912,994,994,994,1,3,1,0,0,0xE0,0x0000
164,2022/02/14 21:15:10,1644873310,33001,101699,-3106,0,3,-3,218,226,0,-55,-52,-64,-140,-136,-148,918,924,912,994,994,994,1,3,1,0,0,0xE0,0x0000
165,2022/02/14 21:15:21,1644873321,44002,101695,-3073,-2,5,-6,218,226,0,-56,-52,-60,-139,-136,-144,919,928,912,994,994,994,1,3,1,0,0,0xE0,0x0000
166,2022/02/14 21:15:32,1644873332,55000,101702,-3131,0,3,-5,218,226,0,-55,-48,-60,-140,-132,-148,918,928,912,994,994,994,1,3,1,0,0,0xE0,0x0000
167,2022/02/14 21:15:43,1644873343,66000,101706,-3165,-6,-3,-10,218,226,0,-56,-52,-64,-140,-136,-148,918,924,912,994,994,994,1,3,1,0,0,0xE0,0x0000
168,2022/02/14 21:15:54,1644873354,77004,101694,-3065,7,11,0,217,225,0,-55,-48,-64,-140,-132,-148,919,924,912,994,994,994,1,3,1,0,0,0xE0,0x0000
169,2022/02/14 21:16:05,1644873365,88004,101688,-3015,6,10,2,217,225,0,-55,-52,-60,-140,-136,-148,918,924,912,994,994,994,1,3,1,0,0,0xE0,0x0000
170,2022/02/14 21:16:16,1644873376,99000,101687,-3007,0,2,-2,216,225,0,-55,-48,-64,-140,-136,-144,918,924,912,994,994,994,1,3,1,0,0,0xE0,0x0000
171,2022/02/14 21:16:27,1644873387,110001,101684,-2982,0,5,-2,216,224,0,-55,-48,-60,-140,-136,-144,919,924,912,994,994,994,1,3,1,0,0,0xE0,0x0000
172,2022/02/14 21:16:38,1644873398,121004,101687,-3007,0,3,-2,216,224,0,-55,-52,-60,-139,-132,-144,918,924,912,994,994,994,1,3,1,0,0,0xE0,0x0000
173,2022/02/14 21:16:49,1644873409,132003,101692,-3048,-1,1,-4,216,224,0,-55,-52,-60,-140,-136,-144,918,924,912,994,994,994,1,3,1,0,0,0xE0,0x0000
174,2022/02/14 21:17:00,1644873420,143007,101688,-3015,0,6,-2,216,224,0,-55,-52,-72,-140,-136,-144,919,924,912,994,994,994,1,3,1,0,0,0xE0,0x0000
175,2022/02/14 21:17:11,1644873431,154001,101691,-3040,1,6,-3,215,223,0,-55,-52,-60,-139,-136,-148,918,924,912,994,994,994,2,3,1,0,0,0xE0,0x0000
176,2022/02/14 21:17:22,1644873442,165001,101694,-3065,-5,-2,-8,215,223,0,-55,-52,-60,-141,-136,-148,918,928,912,994,994,994,2,3,1,0,0,0xE0,0x0000
177,2022/02/14 21:17:33,1644873453,176001,101689,-3024,5,9,0,215,223,0,-56,-48,-60,-140,-136,-144,918,928,912,994,994,994,2,3,1,0,0,0xE0,0x0000
178,2022/02/14 21:17:44,1644873464,187004,101691,-3040,-2,1,-8,215,223,0,-56,-52,-60,-140,-136,-148,918,924,912,994,994,994,2,3,1,0,0,0xE0,0x0000
179,2022/02/14 21:17:55,1644873475,198004,101686,-2999,0,4,-2,215,223,0,-55,-52,-64,-140,-136,-148,919,928,912,994,994,994,2,3,1,0,0,0xE0,0x0000
180,2022/02/14 21:18:06,1644873486,209005,101688,-3015,1,6,-3,215,223,0,-55,-52,-60,-140,-136,-148,918,928,912,994,994,994,2,3,1,0,0,0xE0,0x0000
181,2022/02/14 21:18:17,1644873497,220001,101691,-3040,-2,-1,-5,215,222,0,-55,-52,-60,-140,-132,-148,918,924,912,994,994,994,2,3,1,0,0,0xE0,0x0000
182,2022/02/14 21:18:28,1644873508,231004,101687,-3007,0,6,-4,215,222,0,-55,-52,-64,-140,-132,-144,918,924,912,994,994,994,2,3,1,0,0,0xE0,0x0000
183,2022/02/14 21:18:39,1644873519,242003,101692,-3048,2,6,-5,214,222,0,-55,-52,-60,-140,-136,-144,919,924,912,994,994,994,2,3,1,0,0,0xE0,0x0000
184,2022/02/14 21:18:50,1644873530,253000,101699,-3106,-7,-4,-11,214,222,0,-55,-52,-64,-139,-136,-144,918,928,912,994,994,994,2,3,1,0,0,0xE0,0x0000
185,2022/02/14 21:19:01,1644873541,264001,101688,-3015,5,10,-1,214,222,0,-55,-48,-60,-140,-136,-144,918,928,908,994,994,994,2,3,1,0,0,0xE0,0x0000
186,2022/02/14 21:19:12,1644873552,275003,101688,-3015,4,8,-1,214,222,0,-55,-52,-64,-139,-136,-144,918,924,912,994,994,994,2,3,1,0,0,0xE0,0x0000
187,2022/02/14 21:19:23,1644873563,286001,101682,-2965,0,6,-5,213,222,0,-56,-52,-64,-140,-136,-148,918,924,912,994,994,994,2,3,1,0,0,0xE0,0x0000
188,2022/02/14 21:19:34,1644873574,297002,101687,-3007,0,6,-6,213,222,0,-55,-52,-60,-140,-136,-144,918,924,912,994,994,994,2,3,1,0,0,0xE0,0x0000
189,2022/02/14 21:19:45,1644873585,308021,101695,-3073,-6,-4,-9,213,221,0,-56,-52,-60,-139,-136,-144,918,928,912,994,994,994,2,3,1,0,0,0xE0,0x0000
190,2022/02/14 21:19:56,1644873596,319003,101691,-3040,1,5,-2,213,221,0,-55,-48,-60,-140,-136,-144,918,924,912,994,994,994,2,3,1,0,0,0xE0,0x0000
191,2022/02/14 21:20:07,1644873607,330004,101686,-2999,4,8,1,213,221,0,-55,-52,-60,-140,-136,-144,918,928,912,994,994,994,2,3,1,0,0,0xE0,0x0000
192,2022/02/14 21:20:18,1644873618,341002,101691,-3040,-1,3,-8,213,221,0,-55,-52,-60,-140,-136,-148,918,928,912,994,994,994,2,3,1,0,0,0xE0,0x0000
193,2022/02/14 21:20:29,1644873629,352001,101690,-3032,-4,2,-9,213,221,0,-55,-48,-60,-140,-136,-148,918,924,912,994,994,994,2,3,1,0,0,0xE0,0x0000
194,2022/02/14 21:20:40,1644873640,363004,101680,-2949,7,11,3,213,221,0,-56,-48,-60,-140,-136,-148,918,928,912,994,994,994,2,3,1,0,0,0xE0,0x0000
195,2022/02/14 21:20:51,1644873651,374002,101687,-3007,-1,7,-6,213,221,0,-55,-52,-60,-140,-132,-144,919,928,912,994,994,994,2,3,1,0,0,0xE0,0x0000
196,2022/02/14 21:21:02,1644873662,385004,101695,-3073,-5,-4,-6,213,221,0,-55,-48,-60,-140,-136,-144,918,924,912,994,994,994,2,3,1,0,0,0xE0,0x0000
197,2022/02/14 21:21:13,1644873673,396003,101700,-3115,-2,-1,-4,213,221,0,-55,-52,-64,-140,-136,-144,918,924,912,994,994,994,2,3,1,0,0,0xE0,0x0000
198,2022/02/14 21:21:24,1644873684,407004,101706,-3165,-3,0,-6,212,221,0,-56,-52,-64,-140,-136,-148,918,924,912,994,994,994,2,3,1,0,0,0xE0,0x0000
199,2022/02/14 21:21:35,1644873695,418004,101713,-3223,-2,0,-6,212,220,0,-55,-52,-64,-140,-132,-148,918,924,912,994,994,994,2,3,1,0,0,0xE0,0x0000
200,2022/02/14 21:21:46,1644873706,429002,101703,-3140,4,12,-4,212,220,0,-56,-52,-60,-140,-136,-148,918,924,912,994,994,994,2,3,1,0,0,0xE0,0x0000
201,2022/02/14 21:21:57,1644873717,440003,101700,-3115,-2,4,-9,212,220,0,-55,-48,-60,-140,-136,-148,918,924,912,994,994,994,2,3,1,0,0,0xE0,0x0000
202,2022/02/14 21:22:08,1644873728,451003,101691,-3040,5,10,2,212,220,0,-55,-48,-60,-140,-136,-148,917,924,912,994,994,994,2,3,1,0,0,0xE0,0x0000
203,2022/02/14 21:22:19,1644873739,462004,101693,-3057,2,7,-1,212,220,0,-56,-48,-60,-140,-136,-148,918,924,912,994,994,994,2,3,1,0,0,0xE0,0x0000
204,2022/02/14 21:22:30,1644873750,473003,101698,-3098,-5,0,-8,211,220,0,-55,-48,-64,-140,-132,-144,918,928,912,994,994,994,2,3,1,0,0,0xE0,0x0000
205,2022/02/14 21:22:41,1644873761,484002,101705,-3156,0,1,-6,211,220,0,-56,-52,-60,-140,-136,-144,918,928,912,994,994,994,2,3,1,0,0,0xE0,0x0000
206,2022/02/14 21:22:52,1644873772,495004,101698,-3098,0,4,-2,211,220,0,-56,-48,-64,-140,-136,-148,918,924,912,994,994,994,2,3,1,0,0,0xE0,0x0000
207,2022/02/14 21:23:03,1644873783,506004,101704,-3148,0,3,-5,211,220,0,-55,-52,-60,-140,-136,-144,918,924,912,994,994,994,2,3,1,0,0,0xE0,0x0000
208,2022/02/14 21:23:14,1644873794,517003,101711,-3206,-3,0,-6,211,220,0,-56,-48,-64,-140,-136,-148,918,924,912,994,994,994,2,3,1,0,0,0xE0,0x0000
209,2022/02/14 21:23:25,1644873805,528004,101711,-3206,-1,1,-4,211,220,0,-56,-48,-60,-140,-136,-148,918,928,912,994,994,994,2,3,1,0,0,0xE0,0x0000
210,2022/02/14 21:23:36,1644873816,539003,101703,-3140,3,7,0,211,220,0,-55,-48,-60,-140,-136,-144,918,924,912,994,994,994,2,3,1,0,0,0xE0,0x0000
211,2022/02/14 21:23:47,1644873827,550005,101701,-3123,0,4,-3,211,220,0,-55,-52,-68,-140,-136,-148,918,928,912,994,994,994,2,3,1,0,0,0xE0,0x0000
212,2022/02/14 21:23:58,1644873838,561004,101706,-3165,-2,2,-6,211,220,0,-55,-52,-60,-140,-136,-148,919,928,912,994,994,994,2,3,1,0,0,0xE0,0x0000
213,2022/02/14 21:24:09,1644873849,572003,101698,-3098,4,9,2,211,220,0,-56,-52,-60,-141,-136,-148,918,928,912,994,994,994,2,3,1,0,0,0xE0,0x0000
214,2022/02/14 21:24:20,1644873860,583001,101697,-3090,3,7,-1,211,220,0,-55,-48,-60,-140,-136,-144,918,924,912,994,994,994,2,3,1,0,0,0xE0,0x0000
215,2022/02/14 21:24:31,1644873871,594003,101695,-3073,0,3,-4,211,220,0,-56,-48,-60,-141,-136,-148,918,924,912,994,994,994,2,3,1,0,0,0xE0,0x0000
216,2022/02/14 21:24:42,1644873882,605037,101696,-3082,0,4,-2,211,220,0,-56,-52,-60,-140,-136,-148,918,924,912,994,994,994,2,3,1,0,0,0xE0,0x0000
217,2022/02/14 21:24:53,1644873893,616001,101698,-3098,-2,0,-6,211,220,0,-56,-52,-60,-140,-132,-148,919,928,916,994,994,994,2,3,1,0,0,0xE0,0x0000
218,2022/02/14 21:25:04,1644873904,627005,101700,-3115,0,1,-4,211,220,0,-56,-48,-60,-140,-136,-148,918,924,912,994,994,994,2,3,1,0,0,0xE0,0x0000
219,2022/02/14 21:25:15,1644873915,638001,101699,-3106,0,1,-3,211,220,0,-56,-48,-64,-140,-136,-148,918,928,912,994,994,994,2,3,1,0,0,0xE0,0x0000
220,2022/02/14 21:25:26,1644873926,649000,101701,-3123,1,4,-1,211,220,0,-55,-52,-60,-140,-136,-144,918,924,908,994,994,994,2,3,1,0,0,0xE0,0x0000
221,2022/02/14 21:25:37,1644873937,660002,101700,-3115,0,1,-3,211,220,0,-55,-52,-60,-140,-136,-148,919,924,912,994,994,994,2,3,1,0,0,0xE0,0x0000
222,2022/02/14 21:25:48,1644873948,671002,101703,-3140,0,2,-2,211,220,0,-56,-52,-60,-140,-136,-148,918,928,912,994,994,994,2,3,1,0,0,0xE0,0x0000
223,2022/02/14 21:25:59,1644873959,682005,101711,-3206,-4,-3,-7,211,220,0,-55,-48,-60,-140,-136,-148,918,924,912,994,994,994,2,3,1,0,0,0xE0,0x0000
224,2022/02/14 21:26:10,1644873970,693002,101704,-3148,2,7,-5,211,220,0,-55,-52,-60,-140,-136,-148,918,928,908,994,994,994,2,3,1,0,0,0xE0,0x0000
225,2022/02/14 21:26:21,1644873981,704002,101707,-3173,-1,2,-4,211,220,0,-56,-48,-64,-140,-136,-148,918,924,912,994,994,994,2,3,1,0,0,0xE0,0x0000
226,2022/02/14 21:26:32,1644873992,715004,101711,-3206,0,1,-4,211,220,0,-55,-48,-60,-140,-132,-148,918,928,912,994,994,994,2,3,1,0,0,0xE0,0x0000
227,2022/02/14 21:26:43,1644874003,726000,101707,-3173,0,1,-4,211,220,0,-55,-48,-60,-140,-136,-144,918,924,912,994,994,994,2,3,1,0,0,0xE0,0x0000
228,2022/02/14 21:26:54,1644874014,737003,101713,-3223,-1,0,-4,211,220,0,-56,-52,-60,-140,-132,-148,918,928,912,994,994,994,2,3,1,0,0,0xE0,0x0000
229,2022/02/14 21:27:05,1644874025,748006,101714,-3231,0,3,-4,211,220,0,-56,-48,-64,-140,-132,-148,918,924,912,994,994,994,2,3,1,0,0,0xE0,0x0000
230,2022/02/14 21:27:16,1644874036,759004,101708,-3181,-2,6,-9,211,220,0,-56,-52,-64,-140,-136,-148,918,924,912,994,994,994,3,3,3,0,0,0xE0,0x0000
231,2022/02/14 21:27:27,1644874047,770001,101717,-3256,0,8,-6,211,220,0,-55,-48,-64,-140,-136,-148,918,928,912,994,994,994,2,3,1,0,0,0xE0,0x0000
232,2022/02/14 21:27:38,1644874058,781002,101713,-3223,0,1,-2,211,220,0,-55,-48,-60,-140,-136,-144,919,928,912,994,994,994,2,3,1,0,0,0xE0,0x0000
233,2022/02/14 21:27:49,1644874069,792004,101717,-3256,-1,1,-5,211,220,0,-57,-44,-88,-139,-112,-152,918,948,872,994,994,994,2,3,1,0,0,0xE0,0x0000
234,2022/02/14 21:28:00,1644874080,803005,101723,-3306,-2,1,-5,211,220,0,-61,-52,-68,-135,-128,-140,918,924,912,994,994,994,2,3,1,0,0,0xE0,0x0000
235,2022/02/14 21:28:11,1644874091,814002,101715,-3239,3,9,-2,211,220,0,-61,-52,-68,-135,-124,-144,918,928,888,994,994,994,2,3,1,0,0,0xE0,0x0000
236,2022/02/14 21:28:22,1644874102,825001,101722,-3297,0,4,-7,211,220,0,-60,-36,-72,-136,-124,-144,919,924,908,994,994,994,3,3,3,0,0,0xE0,0x0000
237,2022/02/14 21:28:33,1644874113,836002,101711,-3206,3,9,-1,211,220,0,-61,-56,-64,-136,-132,-140,918,924,908,994,994,994,3,3,3,0,0,0xE0,0x0000
238,2022/02/14 21:28:44,1644874124,847002,101710,-3198,0,5,-1,211,220,0,-61,-56,-68,-135,-128,-144,918,924,912,994,994,994,2,3,1,0,0,0xE0,0x0000
239,2022/02/14 21:28:55,1644874135,858002,101713,-3223,0,1,-2,211,220,0,-60,-56,-68,-135,-128,-140,918,928,912,994,994,994,3,3,3,0,0,0xE0,0x0000
240,2022/02/14 21:29:06,1644874146,869002,101711,-3206,-1,0,-5,211,220,0,-60,-52,-64,-136,-132,-140,918,928,912,994,994,994,2,3,1,0,0,0xE0,0x0000
241,2022/02/14 21:29:17,1644874157,880000,101715,-3239,0,1,-2,211,220,0,-61,-52,-76,-135,-124,-164,919,944,908,994,994,994,2,3,1,0,0,0xE0,0x0000
242,2022/02/14 21:29:28,1644874168,891003,101717,-3256,-1,0,-4,212,221,0,-63,-56,-68,-132,-124,-140,920,932,912,994,994,994,2,3,1,0,0,0xE0,0x0000
243,2022/02/14 21:29:39,1644874179,902002,101711,-3206,1,5,0,213,221,0,-63,-56,-72,-132,-124,-140,919,928,908,994,994,994,2,3,1,0,0,0xE0,0x0000
244,2022/02/14 21:29:50,1644874190,913030,101711,-3206,1,6,-1,213,221,0,-65,-60,-88,-130,-124,-140,919,932,912,994,994,994,2,3,1,0,0,0xE0,0x0000
245,2022/02/14 21:30:01,1644874201,924004,101713,-3223,0,1,-1,213,221,0,-65,-60,-72,-130,-124,-136,918,928,912,994,994,994,3,3,3,0,0,0xE0,0x0000
246,2022/02/14 21:30:12,1644874212,935000,101710,-3198,1,7,0,213,221,0,-66,-60,-72,-130,-124,-136,918,928,912,994,994,994,3,3,3,0,0,0xE0,0x0000
247,2022/02/14 21:30:23,1644874223,946001,101713,-3223,-2,0,-4,213,221,0,-66,-60,-72,-130,-124,-136,919,928,912,994,994,994,2,3,1,0,0,0xE0,0x0000
248,2022/02/14 21:30:34,1644874234,957002,101718,-3264,-3,0,-6,213,221,0,-66,-64,-72,-130,-124,-136,918,928,912,994,994,994,3,3,3,0,0,0xE0,0x0000
249,2022/02/14 21:30:45,1644874245,968003,101718,-3264,0,2,-3,213,221,0,-66,-60,-72,-130,-124,-136,919,928,912,994,994,994,3,3,3,0,0,0xE0,0x0000
250,2022/02/14 21:30:56,1644874256,979004,101718,-3264,1,4,-1,213,221,0,-66,-60,-72,-130,-124,-136,919,924,912,994,994,994,2,3,1,0,0,0xE0,0x0000
251,2022/02/14 21:31:07,1644874267,990000,101715,-3239,0,3,-2,213,221,0,-65,-60,-72,-130,-124,-136,918,928,912,994,994,994,2,3,1,0,0,0xE0,0x0000
252,2022/02/14 21:31:18,1644874278,1001003,101717,-3256,0,1,-2,213,221,0,-62,-52,-72,-134,-128,-148,919,936,908,994,994,994,3,3,3,0,0,0xE0,0x0000
253,2022/02/14 21:31:29,1644874289,1012004,101718,-3264,0,0,-4,213,222,0,-62,-52,-68,-134,-128,-148,919,936,904,994,994,994,2,3,1,0,0,0xE0,0x0000
254,2022/02/14 21:31:40,1644874300,1023004,101721,-3289,0,0,-3,213,222,0,-63,-60,-72,-133,-128,-140,918,928,912,994,994,994,3,3,3,0,0,0xE0,0x0000
255,2022/02/14 21:31:51,1644874311,1034003,101720,-3281,0,1,-3,213,221,0,-63,-56,-68,-133,-128,-140,918,924,912,994,994,994,2,3,1,0,0,0xE0,0x0000
256,2022/02/14 21:32:02,1644874322,1045003,101722,-3297,0,3,-1,213,221,0,-63,-56,-68,-133,-128,-140,918,924,912,994,994,994,2,3,1,0,0,0xE0,0x0000
257,2022/02/14 21:32:13,1644874333,1056002,101721,-3289,-1,2,-5,213,221,0,-63,-60,-68,-133,-128,-140,919,924,912,994,994,994,2,3,1,0,0,0xE0,0x0000
258,2022/02/14 21:32:24,1644874344,1067004,101726,-3330,-1,0,-3,213,221,0,-63,-60,-68,-133,-124,-140,919,928,912,994,994,994,3,3,3,0,0,0xE0,0x0000
259,2022/02/14 21:32:35,1644874355,1078002,101727,-3339,0,2,-2,213,221,0,-63,-56,-72,-133,-128,-140,918,924,908,994,994,994,2,3,1,0,0,0xE0,0x0000
260,2022/02/14 21:32:46,1644874366,1089002,101732,-3380,-2,0,-5,213,221,0,-63,-60,-68,-133,-128,-140,918,928,912,994,994,994,2,3,1,0,0,0xE0,0x0000
261,2022/02/14 21:32:57,1644874377,1100004,101736,-3413,-2,0,-6,213,221,0,-63,-56,-72,-133,-128,-140,919,924,912,994,994,994,2,3,1,0,0,0xE0,0x0000
262,2022/02/14 21:33:08,1644874388,1111003,101734,-3397,0,2,-2,213,221,0,-63,-56,-68,-133,-128,-140,919,928,912,994,994,994,2,3,1,0,0,0xE0,0x0000
263,2022/02/14 21:33:19,1644874399,1122004,101738,-3430,0,0,-2,213,221,0,-63,-60,-68,-133,-128,-140,919,928,912,994,994,994,3,3,3,0,0,0xE0,0x0000
264,2022/02/14 21:33:30,1644874410,1133004,101742,-3463,-2,0,-4,213,221,0,-63,-56,-68,-132,-128,-140,919,928,912,994,994,994,2,3,1,0,0,0xE0,0x0000
265,2022/02/14 21:33:41,1644874421,1144000,101737,-3422,0,5,-5,213,221,0,-63,-60,-68,-133,-128,-140,918,924,912,994,994,994,3,3,3,0,0,0xE0,0x0000
266,2022/02/14 21:33:52,1644874432,1155003,101743,-3471,-2,-1,-5,213,221,0,-63,-60,-68,-133,-128,-140,918,924,912,994,994,994,2,3,1,0,0,0xE0,0x0000
267,2022/02/14 21:34:03,1644874443,1166003,101745,-3488,-1,1,-4,213,221,0,-63,-56,-72,-132,-128,-140,917,928,900,994,994,994,3,3,3,0,0,0xE0,0x0000
268,2022/02/14 21:34:14,1644874454,1177001,101739,-3438,1,4,0,213,221,0,-63,-60,-68,-132,-128,-140,919,924,912,994,994,994,3,3,3,0,0,0xE0,0x0000
269,2022/02/14 21:34:25,1644874465,1188000,101743,-3471,1,3,0,213,221,0,-63,-60,-68,-133,-128,-136,919,928,912,994,994,994,3,3,3,0,0,0xE0,0x0000
270,2022/02/14 21:34:36,1644874476,1199002,101741,-3455,1,4,-2,213,221,0,-64,-60,-72,-132,-128,-136,918,924,912,994,994,994,3,3,3,0,0,0xE0,0x0000
271,2022/02/14 21:34:47,1644874487,1210004,101749,-3521,-4,-1,-6,213,221,0,-63,-56,-68,-132,-128,-140,918,928,912,994,994,994,3,3,3,0,0,0xE0,0x0000
272,2022/02/14 21:34:58,1644874498,1221004,101747,-3505,0,4,-5,213,221,0,-63,-60,-68,-133,-128,-140,919,928,912,994,994,994,3,3,3,0,0,0xE0,0x0000
273,2022/02/14 21:35:09,1644874509,1232030,101754,-3563,-3,0,-7,213,221,0,-63,-56,-68,-132,-128,-140,918,924,912,994,994,994,3,3,3,0,0,0xE0,0x0000
274,2022/02/14 21:35:20,1644874520,1243007,101748,-3513,1,7,-2,213,221,0,-63,-56,-68,-132,-128,-140,918,924,912,994,994,994,3,3,3,0,0,0xE0,0x0000
275,2022/02/14 21:35:31,1644874531,1254006,101746,-3496,0,5,-3,213,221,0,-63,-56,-68,-132,-128,-140,919,928,912,994,994,994,3,3,3,0,0,0xE0,0x0000
276,2022/02/14 21:35:42,1644874542,1265000,101747,-3505,1,7,-4,213,221,0,-63,-60,-68,-132,-128,-140,919,924,912,994,994,994,3,3,3,0,0,0xE0,0x0000
277,2022/02/14 21:35:53,1644874553,1276000,101750,-3529,-1,0,-4,213,221,0,-63,-56,-68,-133,-124,-140,919,928,912,994,994,994,3,3,3,0,0,0xE0,0x0000
278,2022/02/14 21:36:04,1644874564,1287001,101744,-3480,1,6,-3,213,221,0,-63,-60,-68,-132,-128,-136,918,924,912,994,994,994,3,3,3,0,0,0xE0,0x0000
279,2022/02/14 21:36:15,1644874575,1298001,101745,-3488,0,3,-1,212,221,0,-64,-60,-68,-133,-128,-140,918,924,912,994,994,994,2,3,1,0,0,0xE0,0x0000
280,2022/02/14 21:36:26,1644874586,1309001,101743,-3471,1,5,-1,212,221,0,-63,-60,-68,-133,-128,-140,918,924,912,994,994,994,3,3,3,0,0,0xE0,0x0000
281,2022/02/14 21:36:37,1644874597,1320002,101741,-3455,0,2,-2,212,221,0,-63,-56,-68,-132,-124,-140,918,924,912,994,994,994,3,3,3,0,0,0xE0,0x0000
282,2022/02/14 21:36:48,1644874608,1331000,101743,-3471,0,1,-2,212,221,0,-63,-60,-72,-132,-128,-140,919,928,912,994,994,994,2,3,1,0,0,0xE0,0x0000
283,2022/02/14 21:36:59,1644874619,1342002,101743,-3471,-1,1,-6,212,221,0,-63,-56,-72,-133,-128,-140,918,924,912,994,994,994,3,3,3,0,0,0xE0,0x0000
284,2022/02/14 21:37:10,1644874630,1353001,101747,-3505,0,2,-4,212,221,0,-64,-60,-68,-132,-128,-136,918,924,912,994,994,994,2,3,1,0,0,0xE0,0x0000
285,2022/02/14 21:37:21,1644874641,1364000,101745,-3488,0,3,-4,212,221,0,-63,-60,-68,-133,-128,-140,919,928,912,994,994,994,2,3,1,0,0,0xE0,0x0000
286,2022/02/14 21:37:32,1644874652,1375004,101748,-3513,-1,2,-6,212,221,0,-63,-60,-68,-132,-128,-140,918,924,912,994,994,994,2,3,1,0,0,0xE0,0x0000
287,2022/02/14 21:37:43,1644874663,1386003,101750,-3529,-1,3,-5,212,221,0,-64,-56,-80,-132,-124,-136,918,928,912,994,994,994,2,3,1,0,0,0xE0,0x0000
288,2022/02/14 21:37:54,1644874674,1397003,101749,-3521,0,4,-3,213,221,0,-63,-56,-68,-132,-128,-136,918,924,912,994,994,994,3,3,3,0,0,0xE0,0x0000
289,2022/02/14 21:38:05,1644874685,1408004,101745,-3488,2,5,0,213,221,0,-63,-60,-72,-132,-128,-140,918,928,912,994,994,994,3,3,3,0,0,0xE0,0x0000
290,2022/02/14 21:38:16,1644874696,1419000,101742,-3463,0,4,-3,213,221,0,-64,-56,-68,-132,-128,-136,919,924,908,994,994,994,2,3,1,0,0,0xE0,0x0000
291,2022/02/14 21:38:27,1644874707,1430004,101746,-3496,-1,2,-5,213,221,0,-63,-56,-68,-133,-124,-140,918,928,888,994,994,994,2,3,1,0,0,0xE0,0x0000
292,2022/02/14 21:38:38,1644874718,1441003,101748,-3513,0,4,-3,212,221,0,-63,-60,-68,-133,-128,-140,918,924,912,994,994,994,3,3,3,0,0,0xE0,0x0000
293,2022/02/14 21:38:49,1644874729,1452001,101751,-3538,-1,1,-3,212,221,0,-64,-60,-68,-132,-128,-136,918,928,912,994,994,994,2,3,1,0,0,0xE0,0x0000
294,2022/02/14 21:39:00,1644874740,1463005,101748,-3513,0,2,-2,212,220,0,-63,-56,-68,-132,-124,-140,918,924,912,994,994,994,2,3,1,0,0,0xE0,0x0000
295,2022/02/14 21:39:11,1644874751,1474000,101750,-3529,-1,1,-4,212,220,0,-63,-60,-72,-132,-128,-136,918,924,912,994,994,994,2,3,1,0,0,0xE0,0x0000
296,2022/02/14 21:39:22,1644874762,1485002,101748,-3513,0,3,-1,211,220,0,-64,-56,-68,-132,-128,-140,918,924,912,994,994,994,2,3,1,0,0,0xE0,0x0000
297,2022/02/14 21:39:33,1644874773,1496002,101749,-3521,0,3,-2,211,220,0,-63,-60,-68,-132,-124,-140,918,924,912,994,994,994,1,3,1,0,0,0xE0,0x0000
298,2022/02/14 21:39:44,1644874784,1507000,101748,-3513,0,1,-2,211,220,0,-63,-56,-68,-132,-124,-136,918,928,912,994,994,994,1,3,1,0,0,0xE0,0x0000
299,2022/02/14 21:39:55,1644874795,1518000,101747,-3505,1,4,0,211,220,0,-64,-60,-68,-132,-128,-140,918,928,912,994,994,994,2,3,1,0,0,0xE0,0x0000
300,2022/02/14 21:40:06,1644874806,1529004,101746,-3496,0,2,-3,211,220,0,-63,-60,-68,-132,-128,-140,918,924,912,994,994,994,2,3,1,0,0,0xE0,0x0000
301,2022/02/14 21:40:17,1644874817,1540003,101749,-3521,-1,0,-5,211,219,0,-63,-56,-68,-132,-124,-140,919,928,912,994,994,994,2,3,1,0,0,0xE0,0x0000
302,2022/02/14 21:40:28,1644874828,1551026,101748,-3513,0,1,-1,211,219,0,-63,-56,-68,-132,-124,-136,918,924,912,994,994,994,1,3,1,0,0,0xE0,0x0000
303,2022/02/14 21:40:39,1644874839,1562000,101751,-3538,0,2,-1,211,219,0,-64,-52,-80,-132,-112,-140,918,936,884,994,994,994,1,3,1,0,0,0xE0,0x0000
304,2022/02/14 21:42:31,1644874951,11000,101750,-3529,0,0,0,215,225,0,-67,-64,-80,-128,-124,-148,919,928,884,410,421,286,3,15,0,0,0,0xC0,0x0000
305,2022/02/14 21:43:31,1644875011,11001,101748,-3513,0,0,0,216,226,0,-70,-56,-88,-128,-120,-156,919,928,876,405,421,251,3,18,0,0,0,0xC0,0x0000
306,2022/02/14 21:43:42,1644875022,22003,101745,-3488,0,3,-2,216,226,0,-69,-64,-76,-127,-124,-132,919,928,908,420,421,420,3,3,3,0,0,0xC0,0x0000
307,2022/02/14 21:44:03,1644875043,11000,101743,-3471,0,0,0,221,223,0,-604,-424,-748,-72,184,-240,716,940,532,420,421,419,3,4,3,0,0,0xC0,0x0000
308,2022/02/14 21:44:14,1644875054,22001,101743,-3471,0,4,-7,228,224,0,-500,-268,-784,-178,-8,-356,776,1112,520,421,421,421,3,3,3,0,0,0xC0,0x0000
309,2022/02/14 21:44:25,1644875065,33004,101752,-3546,-3,2,-7,229,221,0,-117,368,-576,-160,-36,-344,858,1044,656,420,421,404,2,4,1,0,0,0xC0,0x0000
310,2022/02/14 21:44:36,1644875076,44000,101757,-3587,-2,1,-7,218,214,0,-67,-8,-84,-98,-72,-148,911,964,860,420,421,420,2,3,1,0,0,0xC0,0x0000
311,2022/02/14 21:44:47,1644875087,55000,101755,-3571,0,1,-3,211,208,0,-73,-68,-80,-93,-84,-100,910,916,904,420,421,420,0,1,0,0,0,0xC0,0x0000
312,2022/02/14 21:44:58,1644875098,66003,101758,-3596,0,0,-4,201,203,0,-74,-68,-80,-92,-88,-100,913,920,904,420,421,420,0,0,0,0,0,0xC0,0x0000
313,2022/02/14 21:45:09,1644875109,77003,101760,-3612,-1,0,-3,196,197,0,-74,-68,-80,-93,-88,-100,913,920,904,421,421,421,0,0,-1,0,0,0xC0,0x0000
314,2022/02/14 21:45:20,1644875120,88005,101760,-3612,0,1,-3,192,191,0,-73,-68,-80,-92,-88,-96,912,920,908,420,421,420,0,0,-1,0,0,0xC0,0x0000
315,2022/02/14 21:45:31,1644875131,99001,101761,-3621,0,1,-2,186,186,0,-74,-68,-80,-91,-84,-96,912,920,904,420,421,420,0,0,-1,0,0,0xC0,0x0000
316,2022/02/14 21:45:42,1644875142,110001,101763,-3637,0,2,-3,181,180,0,-74,-68,-80,-92,-88,-96,910,916,904,420,421,420,0,0,-1,0,0,0xC0,0x0000
317,2022/02/14 21:45:53,1644875153,121006,101762,-3629,-1,3,-5,175,173,0,-74,-68,-80,-92,-88,-100,909,916,904,420,421,420,0,0,-1,0,0,0xC0,0x0000
318,2022/02/14 21:46:04,1644875164,132002,101765,-3654,0,1,-1,170,170,0,-74,-68,-84,-92,-88,-100,913,920,904,420,421,420,0,0,-1,0,0,0xC0,0x0000
319,2022/02/14 21:46:15,1644875175,143004,101765,-3654,0,0,-2,165,167,0,-74,-72,-80,-92,-88,-96,912,920,904,420,421,420,0,0,0,0,0,0xC0,0x0000
320,2022/02/14 21:46:26,1644875186,154003,101768,-3679,0,2,-2,161,164,0,-75,-72,-84,-91,-84,-100,913,920,908,420,420,420,0,0,0,0,0,0xC0,0x0000
321,2022/02/14 21:46:37,1644875197,165004,101767,-3670,0,1,-3,158,161,0,-75,-68,-80,-91,-88,-96,913,920,908,420,421,420,0,0,0,0,0,0xC0,0x0000
322,2022/02/14 21:46:48,1644875208,176004,101769,-3687,0,0,-3,154,158,0,-75,-68,-80,-91,-84,-96,913,920,908,420,420,420,0,0,0,0,0,0xC0,0x0000
323,2022/02/14 21:46:59,1644875219,187001,101770,-3695,-1,0,-3,149,154,0,-75,-68,-80,-91,-88,-96,913,920,908,420,421,420,0,1,0,0,0,0xC0,0x0000
324,2022/02/14 21:47:10,1644875230,198002,101771,-3704,0,2,-1,145,150,0,-75,-68,-80,-92,-84,-96,912,920,908,420,420,420,0,1,0,0,0,0xC0,0x0000
325,2022/02/14 21:47:21,1644875241,209005,101771,-3704,0,3,-2,142,147,0,-75,-72,-80,-91,-88,-96,913,920,908,420,420,420,0,1,0,0,0,0xC0,0x0000
326,2022/02/14 21:47:32,1644875252,220005,101770,-3695,0,1,-2,138,145,0,-75,-72,-80,-91,-88,-96,912,920,908,420,421,420,0,1,0,0,0,0xC0,0x0000
327,2022/02/14 21:47:43,1644875263,231002,101772,-3712,0,0,-2,136,143,0,-75,-72,-80,-91,-84,-96,913,920,908,420,421,420,1,1,1,0,0,0xC0,0x0000
328,2022/02/14 21:47:54,1644875274,242004,101772,-3712,0,2,-1,135,140,0,-75,-68,-84,-91,-84,-96,913,920,904,420,420,420,1,1,1,0,0,0xC0,0x0000
329,2022/02/14 21:48:05,1644875285,253004,101775,-3737,-1,0,-5,132,138,0,-75,-68,-80,-91,-84,-96,913,920,904,420,421,420,1,1,1,0,0,0xC0,0x0000
330,2022/02/14 21:48:16,1644875296,264030,101765,-3654,4,7,0,129,134,0,-75,-68,-80,-91,-84,-100,912,916,904,420,421,420,1,1,1,0,0,0xC0,0x0000
331,2022/02/14 21:48:27,1644875307,275001,101771,-3704,-1,3,-5,126,133,0,-75,-72,-80,-91,-84,-96,912,920,908,420,421,420,1,1,1,0,0,0xC0,0x0000
332,2022/02/14 21:48:38,1644875318,286003,101771,-3704,0,2,-1,126,131,0,-75,-68,-80,-91,-84,-96,913,920,908,420,421,420,1,1,1,0,0,0xC0,0x0000
333,2022/02/14 21:48:49,1644875329,297001,101773,-3720,-1,0,-3,125,130,0,-75,-72,-80,-91,-84,-96,913,920,908,420,421,420,1,1,1,0,0,0xC0,0x0000
334,2022/02/14 21:49:00,1644875340,308004,101774,-3728,-1,0,-3,122,129,0,-76,-72,-84,-91,-84,-96,913,920,908,420,421,420,1,1,1,0,0,0xC0,0x0000
335,2022/02/14 21:49:11,1644875351,319001,101776,-3745,0,1,-1,121,127,0,-75,-72,-80,-91,-84,-96,913,920,908,420,420,420,1,1,1,0,0,0xC0,0x0000
336,2022/02/14 21:49:22,1644875362,330004,101775,-3737,0,0,-2,119,126,0,-76,-72,-80,-91,-84,-96,913,920,908,420,420,420,1,3,1,0,0,0xC0,0x0000
337,2022/02/14 21:49:33,1644875373,341004,101776,-3745,-1,1,-4,117,125,0,-76,-72,-80,-91,-88,-96,913,920,908,420,420,420,1,3,1,0,0,0xC0,0x0000
338,2022/02/14 21:49:44,1644875384,352005,101776,-3745,0,5,-2,116,124,0,-75,-72,-80,-91,-88,-96,913,920,904,420,420,420,1,3,1,0,0,0xC0,0x0000
339,2022/02/14 21:49:55,1644875395,363000,101772,-3712,1,5,-1,115,123,0,-75,-68,-80,-91,-84,-100,913,920,908,420,420,420,1,1,1,0,0,0xC0,0x0000
340,2022/02/14 21:50:06,1644875406,374004,101770,-3695,0,2,-1,113,122,0,-75,-72,-80,-91,-84,-96,914,920,908,420,420,420,1,3,1,0,0,0xC0,0x0000
341,2022/02/14 21:50:17,1644875417,385002,101769,-3687,2,5,0,113,121,0,-76,-72,-84,-91,-84,-100,915,920,908,420,420,420,2,3,1,0,0,0xC0,0x0000
342,2022/02/14 21:50:28,1644875428,396003,101770,-3695,0,2,-1,112,120,0,-76,-72,-80,-90,-84,-96,914,920,908,420,420,420,2,3,1,0,0,0xC0,0x0000
343,2022/02/14 21:50:39,1644875439,407000,101772,-3712,0,1,-4,110,119,0,-76,-72,-80,-91,-88,-96,914,920,908,420,420,420,2,3,1,0,0,0xC0,0x0000
344,2022/02/14 21:50:50,1644875450,418004,101769,-3687,0,5,-3,109,118,0,-76,-72,-80,-91,-84,-96,913,920,908,420,420,420,2,3,1,0,0,0xC0,0x0000
345,2022/02/14 21:51:01,1644875461,429004,101768,-3679,0,4,-2,109,117,0,-75,-72,-80,-90,-84,-96,914,920,908,420,420,420,2,3,1,0,0,0xC0,0x0000
346,2022/02/14 21:51:12,1644875472,440001,101771,-3704,-2,0,-5,108,116,0,-75,-68,-84,-91,-88,-96,913,920,908,420,420,420,2,3,1,0,0,0xC0,0x0000
347,2022/02/14 21:51:23,1644875483,451001,101768,-3679,0,3,-3,106,115,0,-76,-72,-84,-91,-84,-100,913,920,908,420,420,420,2,3,1,0,0,0xC0,0x0000
348,2022/02/14 21:51:34,1644875494,462003,101770,-3695,0,4,-5,106,115,0,-75,-68,-80,-91,-84,-96,913,920,908,420,420,420,2,3,1,0,0,0xC0,0x0000
349,2022/02/14 21:51:45,1644875505,473006,101768,-3679,0,2,-4,105,114,0,-75,-72,-80,-91,-84,-96,914,920,908,420,420,420,2,3,1,0,0,0xC0,0x0000
350,2022/02/14 21:51:56,1644875516,484006,101774,-3728,0,6,-5,104,113,0,-76,-72,-84,-91,-84,-96,913,920,908,420,420,420,2,3,1,0,0,0xC0,0x0000
351,2022/02/14 21:52:07,1644875527,495001,101777,-3753,-2,0,-4,103,113,0,-75,-68,-80,-91,-84,-96,914,920,908,420,420,420,2,3,1,0,0,0xC0,0x0000
352,2022/02/14 21:52:18,1644875538,506001,101777,-3753,0,3,-3,103,112,0,-76,-72,-80,-90,-88,-96,913,924,904,420,420,420,3,3,3,0,0,0xC0,0x0000
353,2022/02/14 21:52:29,1644875549,517002,101778,-3762,-1,1,-4,102,111,0,-76,-72,-80,-90,-84,-96,914,924,908,420,420,420,3,3,3,0,0,0xC0,0x0000
354,2022/02/14 21:52:40,1644875560,528004,101779,-3770,0,2,-2,101,111,0,-76,-72,-84,-91,-84,-96,914,920,908,420,420,420,3,3,3,0,0,0xC0,0x0000
355,2022/02/14 21:52:51,1644875571,539001,101782,-3795,-1,1,-5,100,110,0,-75,-68,-80,-91,-84,-96,914,920,908,420,420,420,3,3,3,0,0,0xC0,0x0000
356,2022/02/14 21:53:02,1644875582,550002,101779,-3770,0,5,-5,100,109,0,-76,-72,-80,-91,-88,-96,914,920,908,420,420,420,3,3,3,0,0,0xC0,0x0000
357,2022/02/14 21:53:13,1644875593,561004,101782,-3795,-1,3,-5,100,109,0,-75,-72,-80,-91,-84,-96,914,920,908,420,420,420,3,3,3,0,0,0xC0,0x0000
358,2022/02/14 21:53:24,1644875604,572001,101781,-3786,0,2,-3,99,108,0,-76,-72,-84,-91,-84,-96,914,920,908,420,420,420,3,3,3,0,0,0xC0,0x0000
359,2022/02/14 21:53:35,1644875615,583010,101778,-3762,2,5,0,99,108,0,-76,-72,-84,-91,-84,-100,913,920,908,420,420,420,3,3,3,0,0,0xC0,0x0000
360,2022/02/14 21:53:46,1644875626,594049,101767,-3670,5,7,3,98,107,0,-75,-72,-84,-90,-84,-96,913,920,908,420,420,420,3,3,3,0,0,0xC0,0x0000
361,2022/02/14 21:53:57,1644875637,605002,101764,-3646,5,9,1,98,107,0,-76,-68,-80,-91,-88,-96,913,920,908,420,420,420,3,3,3,0,0,0xC0,0x0000
362,2022/02/14 21:54:08,1644875648,616001,101759,-3604,2,5,0,98,107,0,-75,-68,-80,-91,-84,-96,913,920,904,420,420,420,3,3,3,0,0,0xC0,0x0000
363,2022/02/14 21:54:19,1644875659,627000,101758,-3596,1,4,0,98,107,0,-76,-72,-80,-90,-84,-96,913,920,904,420,420,420,3,3,3,0,0,0xC0,0x0000
364,2022/02/14 21:54:30,1644875670,638002,101757,-3587,0,2,-1,97,107,0,-76,-72,-84,-90,-84,-96,913,920,908,420,420,420,3,3,3,0,0,0xC0,0x0000
365,2022/02/14 21:54:41,1644875681,649001,101759,-3604,-1,0,-4,97,106,0,-75,-68,-80,-90,-84,-96,914,920,908,420,420,420,3,3,3,0,0,0xC0,0x0000
366,2022/02/14 21:54:52,1644875692,660000,101759,-3604,0,2,-1,96,106,0,-76,-68,-80,-90,-84,-96,914,924,908,420,420,420,3,3,3,0,0,0xC0,0x0000
367,2022/02/14 21:55:03,1644875703,671001,101760,-3612,0,0,-4,96,106,0,-75,-72,-80,-91,-84,-96,914,920,904,420,420,420,3,3,3,0,0,0xC0,0x0000
368,2022/02/14 21:55:14,1644875714,682004,101762,-3629,-1,2,-4,96,106,0,-75,-72,-80,-90,-84,-96,914,920,908,420,420,420,3,3,3,0,0,0xC0,0x0000
369,2022/02/14 21:55:25,1644875725,693002,101764,-3646,-1,0,-3,96,106,0,-75,-68,-84,-91,-84,-96,914,920,908,420,420,420,3,3,3,0,0,0xC0,0x0000
370,2022/02/14 21:55:36,1644875736,704004,101768,-3679,-1,0,-3,96,106,0,-75,-68,-80,-91,-84,-96,914,920,908,420,420,420,3,3,3,0,0,0xC0,0x0000
371,2022/02/14 21:55:47,1644875747,715004,101772,-3712,-1,0,-4,95,106,0,-75,-72,-80,-91,-84,-96,914,924,908,420,420,420,3,3,3,0,0,0xC0,0x0000
372,2022/02/14 21:55:58,1644875758,726001,101773,-3720,-1,1,-3,95,106,0,-76,-72,-84,-91,-88,-96,914,920,912,420,420,420,3,3,3,0,0,0xC0,0x0000
373,2022/02/14 21:56:09,1644875769,737000,101777,-3753,-1,0,-3,95,105,0,-75,-72,-80,-90,-84,-96,914,920,908,420,420,420,3,3,3,0,0,0xC0,0x0000
374,2022/02/14 21:56:20,1644875780,748001,101776,-3745,-1,0,-3,95,105,0,-75,-72,-80,-91,-84,-96,914,920,908,420,420,420,3,3,3,0,0,0xC0,0x0000
375,2022/02/14 21:56:31,1644875791,759003,101778,-3762,0,2,-2,95,104,0,-75,-72,-80,-91,-88,-96,914,924,908,420,420,420,3,3,3,0,0,0xC0,0x0000
376,2022/02/14 21:56:42,1644875802,770005,101779,-3770,0,0,-2,95,104,0,-75,-68,-80,-91,-88,-96,914,920,908,420,420,420,3,3,3,0,0,0xC0,0x0000
377,2022/02/14 21:56:53,1644875813,781004,101780,-3778,0,0,-2,95,104,0,-75,-72,-80,-91,-84,-96,915,924,908,420,420,420,3,3,3,0,0,0xC0,0x0000
378,2022/02/14 21:57:04,1644875824,792004,101779,-3770,0,0,-2,94,104,0,-76,-72,-84,-91,-84,-96,914,920,908,420,420,420,3,3,3,0,0,0xC0,0x0000
379,2022/02/14 21:57:15,1644875835,803004,101778,-3762,0,3,0,94,104,0,-75,-72,-80,-90,-84,-96,914,920,908,420,420,420,3,3,3,0,0,0xC0,0x0000
380,2022/02/14 21:57:26,1644875846,814000,101777,-3753,1,4,-1,94,104,0,-76,-72,-80,-90,-84,-96,915,924,908,420,420,420,3,3,3,0,0,0xC0,0x0000
381,2022/02/14 21:57:37,1644875857,825002,101774,-3728,0,2,-1,94,104,0,-75,-68,-80,-91,-84,-96,914,920,908,420,420,420,3,3,3,0,0,0xC0,0x0000
382,2022/02/14 21:57:48,1644875868,836004,101774,-3728,1,4,-1,94,104,0,-76,-68,-84,-91,-84,-96,914,920,908,420,420,420,3,3,3,0,0,0xC0,0x0000
383,2022/02/14 21:57:59,1644875879,847004,101772,-3712,0,1,0,94,104,0,-75,-68,-80,-90,-84,-100,915,924,912,420,420,420,3,3,3,0,0,0xC0,0x0000
384,2022/02/14 21:58:10,1644875890,858000,101772,-3712,0,2,0,94,104,0,-76,-68,-80,-91,-84,-100,914,920,908,420,420,420,3,3,3,0,0,0xC0,0x0000
385,2022/02/14 21:58:21,1644875901,869004,101770,-3695,0,2,-1,94,104,0,-75,-72,-80,-90,-84,-96,915,924,908,420,420,420,3,3,3,0,0,0xC0,0x0000
386,2022/02/14 21:58:32,1644875912,880000,101771,-3704,0,2,-1,94,104,0,-75,-72,-84,-90,-84,-96,914,924,908,420,420,420,3,3,3,0,0,0xC0,0x0000
387,2022/02/14 21:58:43,1644875923,891001,101772,-3712,0,1,-2,94,104,0,-75,-72,-84,-91,-84,-96,915,924,908,420,420,420,3,3,3,0,0,0xC0,0x0000
388,2022/02/14 21:58:54,1644875934,902004,101772,-3712,0,0,-2,94,104,0,-76,-72,-80,-90,-84,-96,914,924,908,420,420,420,3,3,3,0,0,0xC0,0x0000
389,2022/02/14 21:59:05,1644875945,913003,101771,-3704,0,0,-2,94,104,0,-75,-72,-84,-91,-84,-96,915,920,908,420,420,420,3,3,3,0,0,0xC0,0x0000
390,2022/02/14 21:59:16,1644875956,924004,101771,-3704,0,3,-2,94,104,0,-75,-68,-80,-91,-84,-96,915,924,908,420,420,420,3,3,3,0,0,0xC0,0x0000
391,2022/02/14 21:59:27,1644875967,935005,101772,-3712,0,1,-2,94,104,0,-76,-72,-84,-91,-84,-96,915,920,908,420,420,420,3,3,3,0,0,0xC0,0x0000
392,2022/02/14 21:59:38,1644875978,946031,101773,-3720,0,0,-2,94,104,0,-75,-72,-80,-91,-84,-96,914,920,908,420,420,420,3,3,3,0,0,0xC0,0x0000
393,2022/02/14 21:59:49,1644875989,957000,101775,-3737,0,1,-2,94,104,0,-76,-68,-80,-90,-88,-96,915,924,908,420,420,420,3,4,3,0,0,0xC0,0x0000
394,2022/02/14 22:00:00,1644876000,968004,101776,-3745,0,1,-2,93,104,0,-75,-68,-80,-91,-84,-96,915,920,908,420,420,420,3,3,3,0,0,0xC0,0x0000
395,2022/02/14 22:00:11,1644876011,979003,101781,-3786,-1,0,-3,93,104,0,-75,-72,-84,-91,-88,-96,915,920,908,420,420,420,3,3,3,0,0,0xC0,0x0000
396,2022/02/14 22:00:22,1644876022,990005,101780,-3778,0,2,-3,93,104,0,-76,-72,-84,-91,-84,-96,915,920,908,420,420,420,3,3,3,0,0,0xC0,0x0000
397,2022/02/14 22:00:33,1644876033,1001003,101784,-3811,0,0,-4,93,104,0,-76,-68,-80,-91,-84,-96,915,920,908,420,420,420,3,3,3,0,0,0xC0,0x0000
398,2022/02/14 22:00:44,1644876044,1012000,101783,-3803,-1,0,-4,93,104,0,-75,-68,-84,-90,-84,-96,915,924,912,420,420,420,3,3,3,0,0,0xC0,0x0000
399,2022/02/14 22:00:55,1644876055,1023004,101783,-3803,0,1,-2,93,104,0,-76,-72,-80,-91,-84,-100,914,920,908,420,420,420,3,3,3,0,0,0xC0,0x0000
400,2022/02/14 22:01:06,1644876066,1034003,101784,-3811,0,2,-2,93,104,0,-75,-68,-80,-91,-88,-100,915,924,908,420,420,420,3,3,3,0,0,0xC0,0x0000
401,2022/02/14 22:01:17,1644876077,1045001,101783,-3803,0,2,-1,93,104,0,-75,-72,-84,-91,-84,-96,915,924,908,420,420,420,3,3,3,0,0,0xC0,0x0000
402,2022/02/14 22:01:28,1644876088,1056003,101784,-3811,0,1,-1,93,104,0,-76,-72,-84,-91,-84,-96,915,920,908,420,420,420,3,3,3,0,0,0xC0,0x0000
403,2022/02/14 22:01:39,1644876099,1067003,101782,-3795,0,2,-1,93,104,0,-75,-72,-80,-91,-88,-96,915,920,908,420,420,420,3,3,3,0,0,0xC0,0x0000
404,2022/02/14 22:01:50,1644876110,1078004,101779,-3770,0,2,-1,93,103,0,-75,-68,-84,-90,-84,-96,915,924,908,420,420,420,3,3,3,0,0,0xC0,0x0000
405,2022/02/14 22:02:01,1644876121,1089002,101781,-3786,0,3,-2,93,103,0,-75,-72,-80,-91,-84,-96,915,924,908,420,420,420,3,3,3,0,0,0xC0,0x0000
406,2022/02/14 22:02:12,1644876132,1100001,101780,-3778,0,3,0,93,103,0,-75,-72,-84,-91,-88,-96,914,920,908,420,420,420,3,3,3,0,0,0xC0,0x0000
407,2022/02/14 22:02:23,1644876143,1111002,101779,-3770,0,2,0,93,103,0,-76,-68,-80,-91,-84,-100,914,920,908,420,420,420,3,3,3,0,0,0xC0,0x0000
408,2022/02/14 22:02:34,1644876154,1122004,101778,-3762,0,2,-1,93,103,0,-75,-72,-80,-91,-84,-100,915,920,908,420,420,420,3,3,3,0,0,0xC0,0x0000
409,2022/02/14 22:02:45,1644876165,1133000,101782,-3795,0,1,-3,93,103,0,-75,-68,-80,-91,-84,-96,914,924,904,420,420,420,3,3,3,0,0,0xC0,0x0000
410,2022/02/14 22:02:56,1644876176,1144003,101782,-3795,-1,0,-3,93,103,0,-75,-72,-84,-90,-84,-96,914,924,908,420,420,420,3,3,3,0,0,0xC0,0x0000
411,2022/02/14 22:03:07,1644876187,1155001,101783,-3803,0,0,-2,93,103,0,-75,-72,-80,-91,-84,-100,915,924,908,420,420,420,3,3,3,0,0,0xC0,0x0000
412,2022/02/14 22:03:18,1644876198,1166004,101784,-3811,0,0,-2,93,103,0,-75,-72,-84,-91,-84,-96,915,920,908,420,420,420,3,3,3,0,0,0xC0,0x0000
413,2022/02/14 22:03:29,1644876209,1177004,101787,-3836,-1,0,-2,93,103,0,-75,-72,-80,-91,-84,-96,915,920,908,420,420,420,3,3,3,0,0,0xC0,0x0000
414,2022/02/14 22:03:40,1644876220,1188004,101785,-3820,0,1,-1,93,103,0,-75,-72,-80,-90,-84,-100,915,924,908,420,420,420,3,3,3,0,0,0xC0,0x0000
415,2022/02/14 22:03:51,1644876231,1199003,101786,-3828,0,0,-3,93,103,0,-75,-68,-80,-90,-84,-96,915,924,908,420,420,420,3,3,3,0,0,0xC0,0x0000
416,2022/02/14 22:04:02,1644876242,1210004,101788,-3844,0,1,-5,93,103,0,-75,-68,-80,-91,-84,-96,915,920,912,420,420,420,3,3,3,0,0,0xC0,0x0000
417,2022/02/14 22:04:13,1644876253,1221028,101791,-3869,0,2,-2,93,103,0,-75,-68,-80,-91,-84,-96,915,920,908,420,420,420,3,3,3,0,0,0xC0,0x0000
418,2022/02/14 22:04:24,1644876264,1232000,101791,-3869,-1,0,-2,93,103,0,-75,-72,-84,-91,-84,-96,914,924,908,420,420,420,3,4,3,0,0,0xC0,0x0000
419,2022/02/14 22:04:35,1644876275,1243003,101795,-3903,-1,0,-4,93,103,0,-75,-68,-80,-91,-84,-96,915,920,908,420,420,420,3,3,3,0,0,0xC0,0x0000
420,2022/02/14 22:04:46,1644876286,1254001,101798,-3927,-1,2,-3,93,103,0,-75,-68,-80,-91,-88,-100,915,920,912,420,420,420,3,3,3,0,0,0xC0,0x0000
421,2022/02/14 22:04:57,1644876297,1265002,101800,-3944,-1,0,-4,93,103,0,-75,-72,-80,-91,-88,-96,915,924,908,420,420,420,3,3,3,0,0,0xC0,0x0000
422,2022/02/14 22:05:08,1644876308,1276001,101805,-3985,-2,0,-5,93,103,0,-75,-68,-80,-91,-84,-96,914,924,908,420,420,420,3,3,3,0,0,0xC0,0x0000
423,2022/02/14 22:05:19,1644876319,1287003,101807,-4002,-2,0,-4,93,103,0,-76,-68,-80,-91,-88,-96,914,924,908,420,420,420,3,3,3,0,0,0xC0,0x0000
424,2022/02/14 22:05:30,1644876330,1298003,101813,-4052,-2,-1,-4,93,103,0,-75,-72,-84,-91,-88,-96,915,920,908,420,420,420,3,3,3,0,0,0xC0,0x0000
425,2022/02/14 22:05:41,1644876341,1309000,101815,-4068,-1,0,-3,93,103,0,-75,-68,-80,-91,-88,-100,915,924,908,420,420,420,3,3,3,0,0,0xC0,0x0000
426,2022/02/14 22:05:52,1644876352,1320003,101819,-4101,-1,0,-3,93,103,0,-75,-68,-84,-91,-84,-96,915,920,908,420,420,420,3,3,3,0,0,0xC0,0x0000
427,2022/02/14 22:06:03,1644876363,1331004,101819,-4101,0,2,-2,93,103,0,-75,-72,-80,-91,-84,-96,915,920,908,420,420,420,3,3,3,0,0,0xC0,0x0000
428,2022/02/14 22:06:14,1644876374,1342001,101821,-4118,0,1,-2,93,103,0,-75,-68,-80,-90,-84,-96,915,920,908,420,420,420,3,3,3,0,0,0xC0,0x0000
429,2022/02/14 22:06:25,1644876385,1353005,101819,-4101,0,2,-1,93,103,0,-75,-72,-80,-91,-84,-96,916,920,908,420,420,420,3,3,3,0,0,0xC0,0x0000
430,2022/02/14 22:06:36,1644876396,1364002,101820,-4110,0,1,-1,93,103,0,-75,-68,-80,-91,-84,-96,915,924,908,420,420,420,3,3,3,0,0,0xC0,0x0000
431,2022/02/14 22:06:47,1644876407,1375004,101817,-4085,1,2,0,93,103,0,-76,-68,-80,-91,-84,-96,915,924,908,420,420,420,3,3,3,0,0,0xC0,0x0000
432,2022/02/14 22:06:58,1644876418,1386001,101811,-4035,1,3,-1,93,103,0,-75,-68,-80,-91,-84,-96,915,924,908,420,420,420,3,3,3,0,0,0xC0,0x0000
433,2022/02/14 22:07:09,1644876429,1397001,101811,-4035,0,3,0,93,103,0,-75,-68,-80,-91,-88,-100,915,920,908,420,420,420,3,3,3,0,0,0xC0,0x0000
434,2022/02/14 22:07:20,1644876440,1408003,101812,-4043,0,3,0,93,103,0,-75,-68,-80,-91,-84,-96,915,920,908,420,420,420,3,3,3,0,0,0xC0,0x0000
435,2022/02/14 22:07:31,1644876451,1419002,101811,-4035,0,1,0,93,103,0,-75,-68,-80,-90,-84,-96,915,924,912,420,420,420,3,3,3,0,0,0xC0,0x0000
436,2022/02/14 22:07:42,1644876462,1430004,101809,-4019,0,2,-2,93,103,0,-75,-68,-80,-90,-84,-96,915,920,912,420,420,420,3,3,3,0,0,0xC0,0x0000
437,2022/02/14 22:07:53,1644876473,1441001,101810,-4027,0,1,-4,93,103,0,-75,-68,-84,-91,-88,-100,915,924,908,420,420,420,3,3,3,0,0,0xC0,0x0000
438,2022/02/14 22:08:04,1644876484,1452000,101812,-4043,0,2,-3,93,103,0,-75,-72,-80,-91,-84,-96,914,920,908,420,420,420,3,3,3,0,0,0xC0,0x0000
439,2022/02/14 22:08:15,1644876495,1463000,101810,-4027,0,2,-2,93,103,0,-75,-72,-80,-91,-84,-96,914,920,908,420,420,420,3,3,3,0,0,0xC0,0x0000
440,2022/02/14 22:08:26,1644876506,1474004,101812,-4043,0,1,-3,93,103,0,-75,-72,-84,-91,-84,-100,914,920,908,420,420,420,3,3,3,0,0,0xC0,0x0000
441,2022/02/14 22:08:37,1644876517,1485023,101812,-4043,0,2,-2,93,103,0,-75,-68,-80,-90,-84,-96,915,924,908,420,420,420,3,3,3,0,0,0xC0,0x0000
442,2022/02/14 22:08:48,1644876528,1496002,101811,-4035,0,2,-1,93,103,0,-74,-72,-80,-91,-88,-96,915,920,908,420,420,420,3,4,3,0,0,0xC0,0x0000
443,2022/02/14 22:08:59,1644876539,1507004,101814,-4060,0,1,-2,93,103,0,-75,-68,-84,-91,-88,-96,915,920,912,420,420,420,3,3,3,0,0,0xC0,0x0000
444,2022/02/14 22:09:10,1644876550,1518002,101813,-4052,0,1,-1,93,103,0,-75,-72,-80,-91,-84,-100,915,920,908,420,420,420,3,3,3,0,0,0xC0,0x0000
445,2022/02/14 22:09:21,1644876561,1529003,101815,-4068,0,0,-2,93,103,0,-75,-72,-80,-91,-84,-96,915,920,908,420,420,420,3,3,3,0,0,0xC0,0x0000
446,2022/02/14 22:09:32,1644876572,1540002,101818,-4093,-1,0,-4,93,103,0,-75,-68,-84,-91,-84,-96,915,924,912,420,420,420,3,3,3,0,0,0xC0,0x0000
447,2022/02/14 22:09:43,1644876583,1551003,101818,-4093,0,0,-2,93,103,0,-75,-68,-80,-91,-88,-96,915,920,908,420,420,420,3,3,3,0,0,0xC0,0x0000
448,2022/02/14 22:09:54,1644876594,1562004,101823,-4135,-1,0,-3,93,103,0,-75,-72,-80,-91,-88,-96,915,920,908,420,420,420,3,3,3,0,0,0xC0,0x0000
449,2022/02/14 22:10:05,1644876605,1573004,101821,-4118,0,1,-4,93,103,0,-75,-72,-80,-91,-84,-96,915,924,908,420,420,420,3,3,3,0,0,0xC0,0x0000
450,2022/02/14 22:10:16,1644876616,1584005,101824,-4143,0,2,-2,92,103,0,-75,-72,-80,-90,-84,-96,915,924,908,420,420,420,3,3,3,0,0,0xC0,0x0000
451,2022/02/14 22:10:27,1644876627,1595003,101825,-4151,0,1,-2,92,103,0,-75,-72,-80,-91,-84,-96,915,924,908,420,420,420,3,3,3,0,0,0xC0,0x0000
452,2022/02/14 22:10:38,1644876638,1606003,101825,-4151,0,0,-2,92,103,0,-75,-68,-80,-91,-84,-96,915,920,908,420,420,420,3,3,3,0,0,0xC0,0x0000
453,2022/02/14 22:10:49,1644876649,1617000,101822,-4126,1,3,0,92,103,0,-75,-68,-80,-90,-84,-96,915,924,908,420,420,420,3,3,3,0,0,0xC0,0x0000
454,2022/02/14 22:11:00,1644876660,1628000,101818,-4093,0,3,-1,92,103,0,-75,-72,-80,-90,-84,-100,915,920,908,420,420,420,3,3,3,0,0,0xC0,0x0000
455,2022/02/14 22:11:11,1644876671,1639003,101822,-4126,0,3,-4,92,103,0,-75,-68,-84,-91,-84,-96,915,924,908,420,420,420,3,3,3,0,0,0xC0,0x0000
456,2022/02/14 22:11:22,1644876682,1650000,101826,-4159,0,4,-4,92,103,0,-75,-68,-80,-90,-84,-96,915,920,908,420,420,420,3,3,3,0,0,0xC0,0x0000
457,2022/02/14 22:11:33,1644876693,1661001,101824,-4143,0,3,-1,92,103,0,-75,-68,-80,-91,-84,-96,915,920,908,420,420,420,3,3,3,0,0,0xC0,0x0000
458,2022/02/14 22:11:44,1644876704,1672003,101824,-4143,0,1,-2,92,103,0,-75,-68,-80,-91,-84,-100,915,920,908,420,420,420,3,3,3,0,0,0xC0,0x0000
459,2022/02/14 22:11:55,1644876715,1683002,101825,-4151,0,1,-2,92,103,0,-75,-68,-84,-91,-84,-96,915,924,908,420,420,420,3,3,3,0,0,0xC0,0x0000
460,2022/02/14 22:12:06,1644876726,1694004,101827,-4168,0,0,-2,92,103,0,-75,-72,-84,-91,-88,-96,915,920,908,420,420,420,3,3,3,0,0,0xC0,0x0000
461,2022/02/14 22:12:17,1644876737,1705001,101829,-4184,0,1,-2,92,103,0,-75,-68,-80,-91,-84,-100,915,920,908,420,420,420,3,3,3,0,0,0xC0,0x0000
462,2022/02/14 22:12:28,1644876748,1716000,101829,-4184,0,0,-1,92,103,0,-75,-68,-84,-90,-84,-96,915,920,908,420,420,420,3,3,3,0,0,0xC0,0x0000
463,2022/02/14 22:12:39,1644876759,1727000,101826,-4159,0,1,-1,92,103,0,-75,-68,-84,-91,-84,-96,915,924,908,420,420,420,3,3,3,0,0,0xC0,0x0000
464,2022/02/14 22:12:50,1644876770,1738007,101830,-4193,0,0,-4,92,103,0,-75,-68,-80,-91,-84,-96,915,920,908,420,420,420,3,3,3,0,0,0xC0,0x0000
465,2022/02/14 22:13:01,1644876781,1749047,101830,-4193,0,1,-2,92,103,0,-75,-68,-80,-91,-88,-96,915,924,912,420,420,420,3,3,3,0,0,0xC0,0x0000
466,2022/02/14 22:13:12,1644876792,1760006,101829,-4184,0,2,-1,92,103,0,-75,-68,-80,-91,-84,-96,915,920,908,420,420,420,3,3,3,0,0,0xC0,0x0000
467,2022/02/14 22:13:23,1644876803,1771004,101827,-4168,0,2,0,92,103,0,-75,-68,-84,-91,-84,-96,915,924,908,420,420,420,3,3,3,0,0,0xC0,0x0000
468,2022/02/14 22:13:34,1644876814,1782002,101830,-4193,0,0,-1,92,103,0,-75,-68,-80,-91,-88,-100,915,920,908,420,420,420,3,3,3,0,0,0xC0,0x0000
469,2022/02/14 22:13:45,1644876825,1793001,101828,-4176,0,2,0,92,103,0,-75,-68,-80,-91,-88,-96,915,920,908,420,420,420,3,3,3,0,0,0xC0,0x0000
470,2022/02/14 22:13:56,1644876836,1804003,101830,-4193,0,0,-4,92,103,0,-74,-68,-80,-91,-88,-96,915,920,912,420,420,420,3,3,3,0,0,0xC0,0x0000
471,2022/02/14 22:14:07,1644876847,1815003,101829,-4184,0,1,-1,92,103,0,-75,-68,-80,-91,-84,-96,915,928,908,420,420,420,3,3,3,0,0,0xC0,0x0000
472,2022/02/14 22:14:18,1644876858,1826002,101825,-4151,2,6,0,92,103,0,-75,-68,-80,-91,-84,-96,915,920,908,420,420,420,3,3,3,0,0,0xC0,0x0000
473,2022/02/14 22:14:29,1644876869,1837004,101824,-4143,0,2,0,92,103,0,-75,-72,-80,-91,-84,-96,915,920,908,420,420,420,3,3,3,0,0,0xC0,0x0000
474,2022/02/14 22:14:40,1644876880,1848001,101823,-4135,0,1,-1,92,103,0,-75,-68,-80,-91,-84,-96,915,920,908,420,420,420,3,3,3,0,0,0xC0,0x0000
475,2022/02/14 22:14:51,1644876891,1859002,101821,-4118,0,2,-1,92,103,0,-75,-68,-80,-91,-84,-100,915,924,908,420,420,420,3,3,3,0,0,0xC0,0x0000
476,2022/02/14 22:15:02,1644876902,1870004,101821,-4118,0,1,-1,92,103,0,-75,-68,-80,-90,-84,-96,916,920,908,420,420,420,3,3,3,0,0,0xC0,0x0000
477,2022/02/14 22:15:13,1644876913,1881000,101822,-4126,0,2,-3,92,103,0,-74,-72,-80,-91,-84,-96,915,924,908,420,420,420,3,3,3,0,0,0xC0,0x0000
478,2022/02/14 22:15:24,1644876924,1892004,101820,-4110,0,2,-1,92,103,0,-75,-68,-80,-91,-84,-100,915,924,908,420,420,420,3,3,3,0,0,0xC0,0x0000
479,2022/02/14 22:15:35,1644876935,1903004,101820,-4110,0,1,-2,92,103,0,-75,-68,-80,-91,-88,-100,914,924,908,420,420,420,3,3,3,0,0,0xC0,0x0000
480,2022/02/14 22:15:46,1644876946,1914001,101819,-4101,0,2,0,92,102,0,-75,-72,-80,-91,-84,-100,914,920,908,420,420,420,3,3,3,0,0,0xC0,0x0000
481,2022/02/14 22:15:57,1644876957,1925001,101818,-4093,0,2,-3,92,102,0,-75,-68,-80,-91,-84,-100,916,924,912,420,420,420,3,3,3,0,0,0xC0,0x0000
482,2022/02/14 22:16:08,1644876968,1936002,101817,-4085,0,2,-1,92,102,0,-75,-68,-80,-90,-88,-96,915,920,908,420,420,420,3,3,3,0,0,0xC0,0x0000
483,2022/02/14 22:16:19,1644876979,1947003,101819,-4101,0,0,-2,91,102,0,-74,-68,-80,-91,-84,-96,914,920,908,420,420,420,3,3,3,0,0,0xC0,0x0000
484,2022/02/14 22:16:30,1644876990,1958001,101817,-4085,0,2,0,91,102,0,-74,-68,-80,-91,-88,-100,915,920,908,420,420,420,3,3,3,0,0,0xC0,0x0000
485,2022/02/14 22:16:41,1644877001,1969000,101816,-4077,0,2,0,91,102,0,-75,-68,-80,-91,-84,-96,914,924,908,420,420,420,3,3,3,0,0,0xC0,0x0000
486,2022/02/14 22:16:52,1644877012,1980004,101817,-4085,0,2,-2,91,102,0,-75,-68,-80,-91,-84,-96,914,920,908,420,420,420,3,3,3,0,0,0xC0,0x0000
487,2022/02/14 22:17:03,1644877023,1991002,101817,-4085,0,1,-2,91,101,0,-74,-68,-80,-91,-84,-96,914,920,908,420,420,420,3,3,3,0,0,0xC0,0x0000
488,2022/02/14 22:17:14,1644877034,2002000,101816,-4077,0,2,0,91,101,0,-75,-68,-84,-91,-84,-96,915,928,908,420,420,420,3,3,3,0,0,0xC0,0x0000
489,2022/02/14 22:17:25,1644877045,2013004,101815,-4068,0,2,0,91,101,0,-74,-68,-80,-91,-84,-96,915,920,908,420,420,420,3,3,3,0,0,0xC0,0x0000
490,2022/02/14 22:17:36,1644877056,2024004,101815,-4068,1,3,0,91,101,0,-75,-68,-84,-91,-84,-96,915,924,908,420,420,420,3,3,3,0,0,0xC0,0x0000
491,2022/02/14 22:17:47,1644877067,2035004,101815,-4068,0,2,-3,91,101,0,-74,-72,-80,-91,-88,-96,915,920,912,420,420,420,3,3,3,0,0,0xC0,0x0000
492,2022/02/14 22:17:58,1644877078,2046000,101816,-4077,-1,0,-5,91,101,0,-75,-72,-80,-91,-84,-96,915,924,908,420,420,420,3,3,3,0,0,0xC0,0x0000
493,2022/02/14 22:18:09,1644877089,2057005,101817,-4085,0,2,-3,91,101,0,-75,-68,-80,-90,-84,-96,915,920,908,420,420,420,3,3,3,0,0,0xC0,0x0000
494,2022/02/14 22:18:20,1644877100,2068039,101816,-4077,0,1,-2,91,101,0,-75,-72,-84,-91,-88,-100,915,920,908,420,420,420,3,3,3,0,0,0xC0,0x0000
495,2022/02/14 22:18:31,1644877111,2079006,101817,-4085,0,3,0,91,101,0,-75,-68,-80,-91,-84,-96,915,920,908,420,420,420,3,4,3,0,0,0xC0,0x0000
496,2022/02/14 22:18:42,1644877122,2090003,101818,-4093,0,1,-2,91,101,0,-75,-72,-84,-91,-88,-96,915,924,908,420,420,420,3,3,3,0,0,0xC0,0x0000
497,2022/02/14 22:18:53,1644877133,2101000,101816,-4077,0,2,-1,91,101,0,-75,-68,-80,-91,-84,-96,915,920,908,420,420,420,3,3,3,0,0,0xC0,0x0000
498,2022/02/14 22:19:04,1644877144,2112000,101819,-4101,0,2,-1,91,101,0,-75,-68,-80,-91,-84,-96,915,920,908,420,420,420,3,3,3,0,0,0xC0,0x0000
499,2022/02/14 22:19:15,1644877155,2123003,101816,-4077,0,4,-2,91,101,0,-74,-68,-80,-91,-88,-96,915,924,908,420,420,420,3,3,3,0,0,0xC0,0x0000
500,2022/02/14 22:19:26,1644877166,2134000,101817,-4085,0,2,0,91,101,0,-75,-68,-80,-91,-84,-96,914,924,908,420,420,420,3,3,3,0,0,0xC0,0x0000
501,2022/02/14 22:19:37,1644877177,2145001,101817,-4085,0,2,-1,91,101,0,-75,-68,-80,-91,-84,-96,915,920,908,420,420,420,3,3,3,0,0,0xC0,0x0000
502,2022/02/14 22:19:48,1644877188,2156000,101815,-4068,0,1,-1,91,101,0,-74,-68,-80,-91,-84,-96,915,924,908,420,420,420,3,3,3,0,0,0xC0,0x0000
503,2022/02/14 22:19:59,1644877199,2167003,101817,-4085,0,1,-2,91,101,0,-74,-68,-80,-91,-84,-100,915,924,908,420,420,420,3,3,3,0,0,0xC0,0x0000
504,2022/02/14 22:20:10,1644877210,2178001,101820,-4110,0,0,-3,91,101,0,-74,-68,-80,-90,-84,-96,915,920,908,420,420,420,3,3,3,0,0,0xC0,0x0000
505,2022/02/14 22:20:21,1644877221,2189001,101821,-4118,-1,1,-5,91,101,0,-74,-68,-80,-91,-84,-96,915,920,904,420,420,420,3,3,3,0,0,0xC0,0x0000
506,2022/02/14 22:20:32,1644877232,2200002,101821,-4118,0,1,-2,91,101,0,-75,-68,-80,-91,-84,-100,915,924,908,420,420,420,3,3,3,0,0,0xC0,0x0000
507,2022/02/14 22:20:43,1644877243,2211001,101822,-4126,0,2,-1,91,101,0,-75,-68,-80,-91,-84,-96,914,920,908,420,420,420,3,3,3,0,0,0xC0,0x0000
508,2022/02/14 22:20:54,1644877254,2222001,101825,-4151,-1,0,-4,91,101,0,-75,-72,-80,-91,-84,-96,914,924,908,420,420,420,3,3,3,0,0,0xC0,0x0000
509,2022/02/14 22:21:05,1644877265,2233002,101825,-4151,0,1,-2,91,101,0,-74,-72,-84,-91,-88,-96,915,920,908,420,420,420,3,3,3,0,0,0xC0,0x0000
510,2022/02/14 22:21:16,1644877276,2244003,101824,-4143,0,2,0,91,101,0,-75,-68,-80,-91,-88,-96,915,920,908,420,420,420,3,3,3,0,0,0xC0,0x0000
511,2022/02/14 22:21:27,1644877287,2255002,101825,-4151,0,3,-1,91,101,0,-75,-72,-80,-90,-84,-96,915,924,908,420,420,420,3,3,3,0,0,0xC0,0x0000
512,2022/02/14 22:21:38,1644877298,2266002,101824,-4143,0,0,0,91,101,0,-74,-68,-80,-91,-84,-100,915,920,908,420,420,420,3,3,3,0,0,0xC0,0x0000
513,2022/02/14 22:21:49,1644877309,2277000,101824,-4143,0,1,-1,91,101,0,-75,-68,-80,-90,-84,-96,915,924,908,420,420,420,3,3,3,0,0,0xC0,0x0000
514,2022/02/14 22:22:00,1644877320,2288002,101828,-4176,-1,0,-4,91,101,0,-75,-72,-80,-91,-84,-96,915,920,908,420,420,420,3,3,3,0,0,0xC0,0x0000
515,2022/02/14 22:22:11,1644877331,2299002,101830,-4193,-1,0,-2,91,101,0,-75,-68,-80,-91,-84,-100,915,924,908,420,420,420,3,3,3,0,0,0xC0,0x0000
516,2022/02/14 22:22:22,1644877342,2310002,101831,-4201,0,0,-3,91,101,0,-75,-72,-80,-90,-84,-96,915,924,908,420,420,420,3,3,3,0,0,0xC0,0x0000
517,2022/02/14 22:22:33,1644877353,2321003,101831,-4201,0,1,-1,91,102,0,-75,-68,-80,-91,-84,-96,915,920,908,420,420,420,3,3,3,0,0,0xC0,0x0000
518,2022/02/14 22:22:44,1644877364,2332001,101830,-4193,0,1,-2,91,102,0,-75,-68,-84,-91,-84,-96,915,920,908,420,420,420,3,3,3,0,0,0xC0,0x0000
519,2022/02/14 22:22:55,1644877375,2343017,101832,-4209,0,1,-1,91,102,0,-74,-68,-80,-91,-84,-96,915,924,908,420,420,420,3,3,3,0,0,0xC0,0x0000
520,2022/02/14 22:23:06,1644877386,2354003,101830,-4193,0,2,-1,91,102,0,-74,-68,-80,-91,-84,-96,915,924,908,420,420,420,3,3,3,0,0,0xC0,0x0000
521,2022/02/14 22:23:17,1644877397,2365002,101830,-4193,1,3,-1,91,102,0,-74,-68,-80,-90,-84,-96,915,920,912,420,420,420,3,3,3,0,0,0xC0,0x0000
522,2022/02/14 22:23:28,1644877408,2376003,101826,-4159,0,2,-1,91,102,0,-74,-68,-80,-90,-84,-96,915,920,908,420,420,420,3,3,3,0,0,0xC0,0x0000
523,2022/02/14 22:23:39,1644877419,2387003,101827,-4168,0,3,-2,91,102,0,-75,-68,-80,-91,-84,-96,915,924,908,420,420,420,3,3,3,0,0,0xC0,0x0000
524,2022/02/14 22:23:50,1644877430,2398003,101824,-4143,1,3,-1,91,102,0,-74,-68,-80,-91,-84,-96,915,924,908,420,420,420,3,3,3,0,0,0xC0,0x0000
525,2022/02/14 22:24:01,1644877441,2409004,101825,-4151,0,1,-1,91,102,0,-75,-72,-80,-90,-84,-100,915,920,908,420,420,420,3,3,3,0,0,0xC0,0x0000
526,2022/02/14 22:24:12,1644877452,2420004,101826,-4159,0,0,-1,91,102,0,-75,-72,-80,-91,-84,-100,916,924,912,420,420,420,3,3,3,0,0,0xC0,0x0000
527,2022/02/14 22:24:23,1644877463,2431002,101827,-4168,0,1,-2,91,102,0,-75,-68,-80,-91,-88,-96,915,920,912,420,420,420,3,3,3,0,0,0xC0,0x0000
528,2022/02/14 22:24:34,1644877474,2442004,101830,-4193,0,0,-3,91,102,0,-75,-68,-80,-91,-84,-96,916,924,908,420,420,420,3,3,3,0,0,0xC0,0x0000
529,2022/02/14 22:24:45,1644877485,2453005,101831,-4201,0,2,-3,91,102,0,-74,-68,-80,-91,-84,-96,915,920,908,420,420,420,3,3,3,0,0,0xC0,0x0000
530,2022/02/14 22:24:56,1644877496,2464001,101832,-4209,0,0,-4,91,102,0,-75,-68,-80,-90,-88,-96,915,920,912,420,420,420,3,3,3,0,0,0xC0,0x0000
531,2022/02/14 22:25:07,1644877507,2475004,101830,-4193,0,2,-1,91,102,0,-75,-68,-80,-91,-84,-96,915,920,908,420,420,420,3,3,3,0,0,0xC0,0x0000
532,2022/02/14 22:25:18,1644877518,2486001,101830,-4193,0,2,0,91,102,0,-75,-72,-80,-91,-84,-96,915,920,908,420,420,420,3,3,3,0,0,0xC0,0x0000
533,2022/02/14 22:25:29,1644877529,2497001,101830,-4193,0,2,-1,91,102,0,-74,-72,-84,-91,-84,-96,915,924,908,420,420,420,3,3,3,0,0,0xC0,0x0000
534,2022/02/14 22:25:40,1644877540,2508000,101829,-4184,0,3,0,91,102,0,-74,-68,-84,-91,-84,-96,914,920,908,420,420,420,3,3,3,0,0,0xC0,0x0000
535,2022/02/14 22:25:51,1644877551,2519001,101826,-4159,0,4,-1,91,102,0,-75,-68,-84,-91,-84,-96,915,924,908,420,420,420,3,3,3,0,0,0xC0,0x0000
536,2022/02/14 22:26:02,1644877562,2530003,101822,-4126,2,4,0,91,101,0,-75,-72,-80,-91,-84,-96,915,924,908,420,420,420,3,3,3,0,0,0xC0,0x0000
537,2022/02/14 22:26:13,1644877573,2541003,101821,-4118,0,2,-2,91,101,0,-75,-68,-80,-90,-84,-96,915,924,912,420,420,420,3,3,3,0,0,0xC0,0x0000
538,2022/02/14 22:26:24,1644877584,2552004,101820,-4110,0,2,0,91,101,0,-74,-68,-80,-91,-84,-96,915,920,908,420,420,420,3,3,3,0,0,0xC0,0x0000
539,2022/02/14 22:26:35,1644877595,2563002,101821,-4118,0,1,-2,91,101,0,-75,-68,-80,-91,-84,-96,915,920,908,420,420,420,3,3,3,0,0,0xC0,0x0000
540,2022/02/14 22:26:46,1644877606,2574000,101821,-4118,0,1,-2,91,101,0,-75,-68,-80,-91,-84,-96,914,924,908,420,420,420,3,3,3,0,0,0xC0,0x0000
541,2022/02/14 22:26:57,1644877617,2585004,101827,-4168,-1,1,-3,91,101,0,-75,-68,-80,-91,-84,-96,915,920,908,420,420,420,3,3,3,0,0,0xC0,0x0000
542,2022/02/14 22:27:08,1644877628,2596004,101833,-4217,-3,-2,-6,91,101,0,-75,-68,-80,-91,-88,-96,914,920,908,420,420,420,3,3,3,0,0,0xC0,0x0000
543,2022/02/14 22:27:19,1644877639,2607000,101834,-4226,-3,1,-6,91,101,0,-74,-72,-80,-91,-84,-100,915,924,908,420,420,420,3,3,3,0,0,0xC0,0x0000
544,2022/02/14 22:27:30,1644877650,2618003,101830,-4193,3,5,0,91,101,0,-74,-68,-84,-90,-88,-96,915,924,908,420,420,420,3,3,3,0,0,0xC0,0x0000
545,2022/02/14 22:29:52,1644877792,11004,101830,-4193,0,0,0,153,162,0,-5,0,-12,-165,-160,-168,917,928,908,416,420,355,5,8,1,0,0,0xC0,0x0000
546,2022/02/14 22:30:03,1644877803,22000,101830,-4193,0,0,-2,155,165,0,-5,0,-12,-166,-160,-172,917,928,908,420,420,420,5,5,5,0,0,0xC0,0x0000
547,2022/02/14 22:30:14,1644877814,33001,101829,-4184,0,2,0,157,167,0,-5,0,-12,-166,-160,-172,917,920,912,420,420,420,4,5,4,0,0,0xC0,0x0000
548,2022/02/14 22:30:25,1644877825,44000,101826,-4159,1,4,0,159,169,0,-5,0,-12,-165,-160,-172,917,924,912,420,420,420,4,5,4,0,0,0xC0,0x0000
549,2022/02/14 22:30:36,1644877836,55002,101826,-4159,0,3,0,161,171,0,-5,0,-12,-166,-160,-172,916,924,908,420,420,420,4,5,4,0,0,0xC0,0x0000
550,2022/02/14 22:30:47,1644877847,66005,101826,-4159,0,1,-1,163,173,0,-5,0,-12,-166,-160,-176,916,924,908,420,420,420,4,5,4,0,0,0xC0,0x0000
551,2022/02/14 22:30:58,1644877858,77000,101829,-4184,0,2,-4,165,175,0,-5,0,-12,-166,-164,-172,917,924,912,420,420,420,4,4,4,0,0,0xC0,0x0000
552,2022/02/14 22:31:09,1644877869,88000,101825,-4151,0,2,-2,166,176,0,-5,0,-12,-165,-160,-172,917,924,912,420,420,420,4,4,4,0,0,0xC0,0x0000
553,2022/02/14 22:31:20,1644877880,99004,101825,-4151,0,2,-2,168,178,0,-5,0,-12,-165,-160,-172,917,924,908,420,420,420,4,4,4,0,0,0xC0,0x0000
554,2022/02/14 22:31:31,1644877891,110002,101824,-4143,0,1,-3,169,180,0,-5,0,-12,-165,-160,-172,916,924,912,420,420,420,4,4,4,0,0,0xC0,0x0000
555,2022/02/14 22:31:42,1644877902,121003,101824,-4143,0,3,0,170,181,0,-5,0,-12,-165,-160,-172,917,924,912,420,420,420,4,4,4,0,0,0xC0,0x0000
556,2022/02/14 22:31:53,1644877913,132004,101823,-4135,0,3,-2,171,182,0,-5,0,-12,-165,-160,-172,916,920,908,420,420,420,4,4,4,0,0,0xC0,0x0000
557,2022/02/14 22:32:04,1644877924,143004,101819,-4101,0,4,-1,173,184,0,-5,0,-12,-165,-160,-172,917,924,912,420,420,420,4,4,4,0,0,0xC0,0x0000
558,2022/02/14 22:32:15,1644877935,154001,101817,-4085,1,4,-1,174,185,0,-5,0,-12,-165,-160,-172,917,924,912,420,420,420,4,4,4,0,0,0xC0,0x0000
559,2022/02/14 22:32:26,1644877946,165002,101817,-4085,0,2,0,175,186,0,-5,0,-12,-165,-160,-172,916,924,912,420,420,420,4,4,4,0,0,0xC0,0x0000
560,2022/02/14 22:32:37,1644877957,176002,101820,-4110,0,1,-2,176,187,0,-5,0,-12,-165,-160,-172,917,924,908,420,420,420,4,4,4,0,0,0xC0,0x0000
561,2022/02/14 22:32:48,1644877968,187002,101818,-4093,0,1,-3,177,188,0,-5,0,-12,-165,-160,-172,916,924,912,420,420,420,4,4,4,0,0,0xC0,0x0000
562,2022/02/14 22:32:59,1644877979,198001,101818,-4093,0,2,0,178,189,0,-5,0,-12,-165,-160,-172,916,924,908,420,420,420,4,4,4,0,0,0xC0,0x0000
563,2022/02/14 22:33:10,1644877990,209003,101820,-4110,0,2,-2,179,190,0,-5,0,-12,-165,-160,-168,916,924,912,420,420,420,4,4,4,0,0,0xC0,0x0000
564,2022/02/14 22:33:21,1644878001,220004,101819,-4101,-1,0,-3,180,191,0,-5,0,-12,-165,-160,-172,917,924,912,420,420,420,4,4,4,0,0,0xC0,0x0000
565,2022/02/14 22:33:32,1644878012,231004,101819,-4101,0,3,-1,181,192,0,-5,0,-12,-165,-160,-172,917,924,912,420,420,420,3,4,3,0,0,0xC0,0x0000
566,2022/02/14 22:33:43,1644878023,242001,101823,-4135,-1,0,-3,181,193,0,-5,0,-12,-165,-160,-172,916,924,912,420,420,420,3,4,3,0,0,0xC0,0x0000
567,2022/02/14 22:33:54,1644878034,253005,101827,-4168,-1,0,-3,182,193,0,-5,0,-12,-165,-156,-172,917,924,912,420,420,420,3,4,3,0,0,0xC0,0x0000
568,2022/02/14 22:34:05,1644878045,264001,101828,-4176,-1,0,-3,183,194,0,-5,0,-12,-165,-160,-172,916,924,908,420,420,420,3,4,3,0,0,0xC0,0x0000
569,2022/02/14 22:34:16,1644878056,275014,101831,-4201,-1,0,-3,184,195,0,-5,0,-12,-164,-160,-172,917,924,908,420,420,420,3,4,3,0,0,0xC0,0x0000
570,2022/02/14 22:34:27,1644878067,286046,101833,-4217,0,2,-1,185,196,0,-5,0,-12,-165,-160,-168,916,924,908,420,420,420,3,4,3,0,0,0xC0,0x0000
571,2022/02/14 22:34:38,1644878078,297003,101833,-4217,-1,0,-6,185,196,0,-5,0,-12,-165,-160,-172,916,920,908,420,420,420,3,4,3,0,0,0xC0,0x0000
572,2022/02/14 22:34:49,1644878089,308000,101833,-4217,0,3,-2,186,197,0,-5,0,-12,-165,-160,-172,916,924,912,420,420,420,3,4,3,0,0,0xC0,0x0000
573,2022/02/14 22:35:00,1644878100,319000,101831,-4201,0,5,-1,186,197,0,-6,0,-12,-164,-160,-168,917,924,912,420,420,420,3,4,3,0,0,0xC0,0x0000
574,2022/02/14 22:35:11,1644878111,330004,101835,-4234,-2,0,-5,187,198,0,-6,0,-12,-165,-156,-172,916,924,912,420,420,420,3,4,3,0,0,0xC0,0x0000
575,2022/02/14 22:35:22,1644878122,341003,101834,-4226,0,2,-2,188,198,0,-5,0,-16,-164,-160,-172,916,924,912,420,420,420,3,4,3,0,0,0xC0,0x0000
576,2022/02/14 22:35:33,1644878133,352004,101840,-4275,-1,0,-6,188,199,0,-5,0,-12,-165,-156,-172,916,924,908,420,420,420,3,4,3,0,0,0xC0,0x0000
577,2022/02/14 22:35:44,1644878144,363002,101845,-4317,-2,-1,-5,188,199,0,-5,0,-12,-165,-156,-172,916,924,908,420,420,420,3,4,3,0,0,0xC0,0x0000
578,2022/02/14 22:35:55,1644878155,374001,101848,-4342,-2,-1,-5,189,200,0,-5,0,-12,-164,-160,-172,916,924,908,420,420,420,3,4,3,0,0,0xC0,0x0000
579,2022/02/14 22:36:06,1644878166,385005,101852,-4375,-2,0,-5,190,200,0,-6,0,-12,-165,-160,-168,916,924,908,420,420,420,3,3,3,0,0,0xC0,0x0000
580,2022/02/14 22:36:17,1644878177,396001,101857,-4416,-2,0,-5,190,201,0,-6,0,-12,-165,-160,-168,916,924,908,420,420,420,3,3,3,0,0,0xC0,0x0000
581,2022/02/14 22:36:28,1644878188,407000,101858,-4425,-1,0,-3,190,201,0,-5,0,-12,-165,-156,-176,916,920,912,420,420,420,3,3,3,0,0,0xC0,0x0000
582,2022/02/14 22:36:39,1644878199,418000,101858,-4425,0,1,-2,191,202,0,-5,0,-12,-165,-160,-172,916,924,912,420,420,420,3,4,3,0,0,0xC0,0x0000
583,2022/02/14 22:36:50,1644878210,429004,101857,-4416,0,4,-1,191,202,0,-6,0,-12,-165,-160,-168,916,924,912,420,420,420,3,4,3,0,0,0xC0,0x0000
584,2022/02/14 22:37:01,1644878221,440003,101853,-4383,1,4,-2,191,202,0,-6,0,-12,-164,-156,-172,916,924,908,420,420,420,3,3,3,0,0,0xC0,0x0000
585,2022/02/14 22:37:12,1644878232,451000,101853,-4383,0,3,-1,192,203,0,-5,0,-12,-165,-160,-172,916,924,908,420,420,420,3,3,3,0,0,0xC0,0x0000
586,2022/02/14 22:37:23,1644878243,462004,101854,-4391,0,0,-2,192,203,0,-5,0,-12,-165,-160,-172,916,924,908,420,420,420,3,3,3,0,0,0xC0,0x0000
587,2022/02/14 22:37:34,1644878254,473004,101859,-4433,-1,0,-6,193,203,0,-6,0,-12,-165,-160,-172,916,924,912,420,420,420,3,3,3,0,0,0xC0,0x0000
588,2022/02/14 22:37:45,1644878265,484001,101860,-4441,-2,0,-5,193,204,0,-5,0,-12,-164,-160,-172,916,924,912,420,420,420,3,3,3,0,0,0xC0,0x0000
589,2022/02/14 22:37:56,1644878276,495002,101856,-4408,0,3,0,193,204,0,-6,0,-12,-164,-160,-168,916,924,912,420,420,420,3,3,3,0,0,0xC0,0x0000
590,2022/02/14 22:38:07,1644878287,506004,101856,-4408,1,4,0,194,204,0,-6,0,-12,-165,-160,-172,916,924,908,420,420,420,3,3,3,0,0,0xC0,0x0000
591,2022/02/14 22:38:18,1644878298,517002,101858,-4425,0,0,-2,194,205,0,-5,0,-12,-164,-160,-172,916,924,912,420,420,420,3,3,3,0,0,0xC0,0x0000
592,2022/02/14 22:38:29,1644878309,528001,101860,-4441,-1,0,-2,195,205,0,-5,0,-12,-164,-160,-172,916,928,912,420,420,420,3,3,3,0,0,0xC0,0x0000
593,2022/02/14 22:38:40,1644878320,539000,101863,-4466,0,1,-3,195,205,0,-5,0,-12,-165,-160,-176,917,924,908,420,420,420,3,3,3,0,0,0xC0,0x0000
594,2022/02/14 22:38:51,1644878331,550003,101864,-4474,0,3,-2,195,206,0,-5,0,-12,-164,-160,-172,917,924,908,420,420,420,3,3,3,0,0,0xC0,0x0000
595,2022/02/14 22:39:02,1644878342,561003,101856,-4408,1,5,0,195,206,0,-6,0,-12,-164,-160,-172,915,924,912,420,420,420,3,3,3,0,0,0xC0,0x0000
596,2022/02/14 22:39:13,1644878353,572004,101852,-4375,7,12,0,196,206,0,-5,0,-12,-165,-160,-172,916,924,912,420,420,420,3,3,3,0,0,0xC0,0x0000
597,2022/02/14 22:39:24,1644878364,583002,101851,-4367,-2,1,-6,196,206,0,-6,0,-12,-164,-156,-168,916,924,908,420,420,420,3,3,3,0,0,0xC0,0x0000
598,2022/02/14 22:39:35,1644878375,594036,101853,-4383,0,1,-4,196,207,0,-5,0,-12,-164,-160,-172,917,924,908,420,420,420,3,3,3,0,0,0xC0,0x0000
599,2022/02/14 22:39:46,1644878386,605000,101856,-4408,-2,0,-5,196,207,0,-6,0,-12,-164,-160,-172,916,924,908,420,420,420,3,4,3,0,0,0xC0,0x0000
600,2022/02/14 22:39:57,1644878397,616003,101858,-4425,0,2,-1,196,207,0,-5,0,-12,-164,-160,-172,916,924,908,420,420,420,3,3,3,0,0,0xC0,0x0000
601,2022/02/14 22:40:08,1644878408,627004,101861,-4449,0,0,-2,197,207,0,-5,0,-12,-165,-160,-172,916,924,912,420,420,420,3,3,3,0,0,0xC0,0x0000
602,2022/02/14 22:40:19,1644878419,638001,101855,-4400,1,4,0,197,208,0,-5,0,-12,-164,-160,-172,916,924,912,420,420,420,3,3,3,0,0,0xC0,0x0000
603,2022/02/14 22:40:30,1644878430,649001,101853,-4383,1,3,0,197,208,0,-6,0,-12,-164,-156,-172,916,924,908,420,420,420,3,3,3,0,0,0xC0,0x0000
604,2022/02/14 22:40:41,1644878441,660000,101854,-4391,1,3,-1,198,208,0,-5,0,-12,-165,-160,-172,916,924,912,420,420,420,3,3,3,0,0,0xC0,0x0000
605,2022/02/14 22:40:52,1644878452,671000,101852,-4375,-1,1,-3,198,209,0,-7,52,-64,-166,-104,-184,923,1108,852,420,420,420,3,3,3,0,0,0xC0,0x0000
606,2022/02/14 22:41:03,1644878463,682003,101853,-4383,0,3,-2,199,210,0,-6,0,-32,-163,-140,-172,919,976,908,420,420,420,3,3,3,0,0,0xC0,0x0000
607,2022/02/14 22:41:14,1644878474,693002,101856,-4408,-1,0,-4,199,210,0,-5,0,-12,-163,-156,-168,916,924,912,420,420,420,3,3,3,0,0,0xC0,0x0000
608,2022/02/14 22:41:25,1644878485,704000,101857,-4416,0,5,-3,199,210,0,-6,0,-12,-162,-156,-168,916,924,912,420,420,420,3,3,3,0,0,0xC0,0x0000
609,2022/02/14 22:41:36,1644878496,715004,101854,-4391,0,1,-3,199,210,0,-6,0,-16,-161,-156,-168,916,924,908,420,420,420,3,3,3,0,0,0xC0,0x0000
610,2022/02/14 22:41:47,1644878507,726002,101857,-4416,0,1,-4,200,210,0,-7,-4,-12,-160,-152,-168,917,924,908,420,420,420,3,3,3,0,0,0xC0,0x0000
611,2022/02/14 22:41:58,1644878518,737000,101857,-4416,0,2,-2,200,210,0,-8,-4,-16,-160,-152,-168,917,924,908,420,420,420,3,3,3,0,0,0xC0,0x0000
612,2022/02/14 22:42:09,1644878529,748004,101858,-4425,0,0,-3,200,211,0,-9,-4,-16,-159,-156,-164,917,924,912,420,420,420,3,3,3,0,0,0xC0,0x0000
613,2022/02/14 22:42:20,1644878540,759003,101856,-4408,0,2,0,200,211,0,-8,-4,-16,-160,-152,-168,917,924,908,420,420,420,3,3,3,0,0,0xC0,0x0000
614,2022/02/14 22:42:31,1644878551,770003,101858,-4425,0,1,-1,200,211,0,-8,-4,-16,-160,-156,-168,917,924,908,420,420,420,3,3,3,0,0,0xC0,0x0000
615,2022/02/14 22:42:42,1644878562,781002,101855,-4400,0,4,-2,200,211,0,-8,-4,-20,-160,-156,-168,916,924,912,420,420,420,3,3,3,0,0,0xC0,0x0000
616,2022/02/14 22:42:53,1644878573,792001,101861,-4449,-1,1,-4,200,211,0,-8,0,-12,-160,-152,-168,916,924,908,420,420,420,3,3,3,0,0,0xC0,0x0000