<Track>
<Waypoint lat="67.8900" lon="21.0800" alt="1199.7" name="Kiruna Sweden" />
<Waypoint lat="68.3659" lon="14.9049" alt="122748" name="Payload Position" />
<trk>
<trkseg>
<trkpt lat="67.8893" lon="21.0826" alt="1238" speed="0.00" heading="0.00" time="07/09/24 20:44:52" />
<trkpt lat="67.8893" lon="21.0834" alt="1109" speed="0.00" heading="0.00" time="07/09/24 21:00:10" />
<trkpt lat="67.8890" lon="21.0824" alt="985" speed="0.00" heading="0.00" time="07/09/24 21:15:28" />
<trkpt lat="67.8888" lon="21.0831" alt="1205" speed="0.00" heading="0.00" time="07/09/24 21:30:47" />
<trkpt lat="67.8888" lon="21.0830" alt="1207" speed="0.00" heading="0.00" time="07/09/24 21:46:05" />
<trkpt lat="67.8889" lon="21.0830" alt="1206" speed="0.00" heading="0.00" time="07/09/24 22:01:23" />
<trkpt lat="67.8889" lon="21.0830" alt="1212" speed="0.00" heading="0.00" time="07/09/24 22:16:41" />
<trkpt lat="67.8889" lon="21.0830" alt="1203" speed="0.00" heading="0.00" time="07/09/24 22:32:01" />
<trkpt lat="67.8889" lon="21.0831" alt="1208" speed="0.00" heading="0.00" time="07/09/24 22:47:19" />
<trkpt lat="67.8869" lon="21.0848" alt="1192" speed="0.00" heading="0.00" time="07/09/24 23:02:37" />
<trkpt lat="67.8869" lon="21.0848" alt="1186" speed="0.00" heading="0.00" time="07/09/24 23:17:56" />
<trkpt lat="67.8869" lon="21.0847" alt="1180" speed="0.00" heading="0.00" time="07/09/24 23:33:14" />
<trkpt lat="67.8869" lon="21.0848" alt="1193" speed="0.00" heading="0.00" time="07/09/24 23:48:32" />
<trkpt lat="67.8869" lon="21.0848" alt="1186" speed="0.00" heading="0.00" time="07/10/24 00:03:50" />
<trkpt lat="67.8869" lon="21.0848" alt="1190" speed="0.00" heading="0.00" time="07/10/24 00:19:08" />
<trkpt lat="67.8869" lon="21.0848" alt="1193" speed="0.00" heading="0.00" time="07/10/24 00:34:26" />
<trkpt lat="67.8870" lon="21.0847" alt="1195" speed="0.00" heading="0.00" time="07/10/24 00:49:44" />
<trkpt lat="67.8869" lon="21.0847" alt="1185" speed="0.00" heading="0.00" time="07/10/24 01:05:02" />
<trkpt lat="67.8869" lon="21.0847" alt="1179" speed="0.00" heading="0.00" time="07/10/24 01:20:21" />
<trkpt lat="67.8869" lon="21.0847" alt="1189" speed="0.00" heading="0.00" time="07/10/24 01:35:39" />
<trkpt lat="67.8869" lon="21.0847" alt="1188" speed="0.00" heading="0.00" time="07/10/24 01:50:57" />
<trkpt lat="67.8870" lon="21.0847" alt="1192" speed="0.00" heading="0.00" time="07/10/24 02:06:15" />
<trkpt lat="67.8870" lon="21.0847" alt="1202" speed="0.00" heading="0.00" time="07/10/24 02:21:33" />
<trkpt lat="67.8870" lon="21.0847" alt="1198" speed="0.00" heading="0.00" time="07/10/24 02:36:51" />
<trkpt lat="67.8869" lon="21.0848" alt="1181" speed="0.00" heading="0.00" time="07/10/24 02:52:09" />
<trkpt lat="67.8870" lon="21.0847" alt="1190" speed="0.00" heading="0.00" time="07/10/24 03:07:27" />
<trkpt lat="67.8869" lon="21.0847" alt="1184" speed="0.00" heading="0.00" time="07/10/24 03:22:46" />
<trkpt lat="67.8869" lon="21.0847" alt="1182" speed="0.00" heading="0.00" time="07/10/24 03:38:04" />
<trkpt lat="67.8869" lon="21.0847" alt="1186" speed="0.00" heading="0.00" time="07/10/24 03:53:22" />
<trkpt lat="67.8870" lon="21.0847" alt="1189" speed="0.00" heading="0.00" time="07/10/24 04:08:40" />
<trkpt lat="67.8874" lon="21.0850" alt="1196" speed="3.21" heading="22.00" time="07/10/24 04:23:58" />
<trkpt lat="67.8814" lon="21.2550" alt="19794" speed="10.00" heading="98.00" time="07/10/24 04:39:16" />
<trkpt lat="67.8574" lon="21.1376" alt="33537" speed="12.62" heading="264.00" time="07/10/24 04:54:34" />
<trkpt lat="67.8491" lon="21.1528" alt="39771" speed="6.28" heading="74.00" time="07/10/24 05:09:53" />
<trkpt lat="67.8676" lon="21.2556" alt="47121" speed="16.64" heading="71.00" time="07/10/24 05:25:11" />
<trkpt lat="67.8890" lon="21.3552" alt="54907" speed="8.23" heading="70.00" time="07/10/24 05:40:29" />
<trkpt lat="67.9159" lon="21.4100" alt="64162" speed="5.56" heading="338.00" time="07/10/24 05:55:47" />
<trkpt lat="67.9433" lon="21.4086" alt="73644" speed="4.14" heading="80.00" time="07/10/24 06:11:05" />
<trkpt lat="67.9440" lon="21.4034" alt="82686" speed="14.82" heading="185.00" time="07/10/24 06:26:23" />
<trkpt lat="67.9541" lon="21.2467" alt="93242" speed="16.05" heading="263.00" time="07/10/24 06:41:41" />
<trkpt lat="67.9689" lon="21.0627" alt="102763" speed="24.59" heading="290.00" time="07/10/24 06:56:59" />
<trkpt lat="67.9863" lon="20.7769" alt="110609" speed="14.64" heading="275.00" time="07/10/24 07:12:18" />
<trkpt lat="68.0015" lon="20.6148" alt="116595" speed="8.89" heading="246.00" time="07/10/24 07:27:36" />
<trkpt lat="67.9756" lon="20.3618" alt="122339" speed="24.65" heading="278.00" time="07/10/24 07:42:54" />
<trkpt lat="68.0056" lon="20.0441" alt="122799" speed="29.21" heading="284.00" time="07/10/24 07:58:12" />
<trkpt lat="68.0254" lon="19.6960" alt="122944" speed="34.17" heading="279.00" time="07/10/24 08:13:30" />
<trkpt lat="68.0516" lon="19.3393" alt="123026" speed="30.77" heading="280.00" time="07/10/24 08:28:48" />
<trkpt lat="68.0685" lon="18.9997" alt="122710" speed="26.19" heading="270.00" time="07/10/24 08:44:06" />
<trkpt lat="68.0679" lon="18.6975" alt="122329" speed="26.85" heading="265.00" time="07/10/24 08:59:24" />
<trkpt lat="68.0843" lon="18.4046" alt="122022" speed="27.11" heading="289.00" time="07/10/24 09:14:43" />
<trkpt lat="68.1103" lon="18.1233" alt="121941" speed="24.24" heading="282.00" time="07/10/24 09:30:01" />
<trkpt lat="68.1309" lon="17.8498" alt="121860" speed="23.80" heading="282.00" time="07/10/24 09:45:19" />
<trkpt lat="68.1584" lon="17.6036" alt="122044" speed="21.38" heading="285.00" time="07/10/24 10:00:37" />
<trkpt lat="68.1818" lon="17.3648" alt="122556" speed="21.94" heading="279.00" time="07/10/24 10:15:55" />
<trkpt lat="68.2055" lon="17.1419" alt="122522" speed="21.65" heading="282.00" time="07/10/24 10:31:13" />
<trkpt lat="68.2293" lon="16.9009" alt="122645" speed="22.47" heading="277.00" time="07/10/24 10:46:31" />
<trkpt lat="68.2438" lon="16.6604" alt="122831" speed="21.32" heading="288.00" time="07/10/24 11:01:49" />
<trkpt lat="68.2664" lon="16.4371" alt="122786" speed="18.21" heading="286.00" time="07/10/24 11:17:07" />
<trkpt lat="68.2768" lon="16.1963" alt="122343" speed="24.46" heading="277.00" time="07/10/24 11:32:25" />
<trkpt lat="68.2990" lon="15.9384" alt="122548" speed="21.07" heading="283.00" time="07/10/24 11:47:44" />
<trkpt lat="68.3132" lon="15.7044" alt="122229" speed="19.52" heading="285.00" time="07/10/24 12:03:02" />
<trkpt lat="68.3316" lon="15.5275" alt="122532" speed="12.86" heading="281.00" time="07/10/24 12:18:20" />
<trkpt lat="68.3381" lon="15.3894" alt="122571" speed="11.47" heading="277.00" time="07/10/24 12:33:38" />
<trkpt lat="68.3415" lon="15.2434" alt="122681" speed="17.01" heading="262.00" time="07/10/24 12:48:56" />
<trkpt lat="68.3507" lon="15.0451" alt="122211" speed="17.56" heading="286.00" time="07/10/24 13:04:14" />
<trkpt lat="68.3659" lon="14.9049" alt="122748" speed="9.67" heading="267.00" time="07/10/24 13:19:32" />
</trkseg>
</trk>
</Track>
