<Track>
<Waypoint lat="67.8900" lon="21.0800" alt="1199.7" name="Kiruna Sweden" />
<Waypoint lat="65.4797" lon="-26.7991" alt="118105" name="Payload Position" />
<trk>
<trkseg>
<trkpt lat="67.8893" lon="21.0826" alt="1238" speed="0.00" heading="0.00" time="07/09/24 20:44:52" />
<trkpt lat="67.8870" lon="21.0847" alt="1195" speed="0.00" heading="0.00" time="07/10/24 00:49:44" />
<trkpt lat="67.8574" lon="21.1376" alt="33537" speed="12.62" heading="264.00" time="07/10/24 04:54:34" />
<trkpt lat="68.0679" lon="18.6975" alt="122329" speed="26.85" heading="265.00" time="07/10/24 08:59:24" />
<trkpt lat="68.1584" lon="17.6036" alt="122044" speed="21.38" heading="285.00" time="07/10/24 10:00:37" />
<trkpt lat="68.2438" lon="16.6604" alt="122831" speed="21.32" heading="288.00" time="07/10/24 11:01:49" />
<trkpt lat="68.3132" lon="15.7044" alt="122229" speed="19.52" heading="285.00" time="07/10/24 12:03:02" />
<trkpt lat="68.3507" lon="15.0451" alt="122211" speed="17.56" heading="286.00" time="07/10/24 13:04:14" />
<trkpt lat="68.3459" lon="14.5243" alt="123001" speed="14.59" heading="254.00" time="07/10/24 14:05:26" />
<trkpt lat="68.2871" lon="13.9985" alt="123030" speed="14.84" heading="251.00" time="07/10/24 15:06:39" />
<trkpt lat="68.1451" lon="13.3625" alt="122797" speed="17.54" heading="235.00" time="07/10/24 16:07:51" />
<trkpt lat="67.9209" lon="12.5584" alt="122849" speed="28.64" heading="232.00" time="07/10/24 17:09:04" />
<trkpt lat="67.7651" lon="11.5096" alt="121791" speed="23.63" heading="250.00" time="07/10/24 18:10:16" />
<trkpt lat="67.6317" lon="10.5536" alt="120925" speed="26.28" heading="256.00" time="07/10/24 19:11:28" />
<trkpt lat="67.5102" lon="9.5142" alt="119354" speed="15.20" heading="239.00" time="07/10/24 20:12:41" />
<trkpt lat="67.2987" lon="8.8038" alt="117395" speed="24.41" heading="234.00" time="07/10/24 21:13:53" />
<trkpt lat="67.0189" lon="8.0584" alt="117003" speed="22.39" heading="222.00" time="07/10/24 22:15:05" />
<trkpt lat="66.8659" lon="7.2789" alt="116026" speed="13.65" heading="261.00" time="07/10/24 23:16:18" />
<trkpt lat="66.7102" lon="6.9397" alt="114620" speed="10.53" heading="199.00" time="07/11/24 00:17:30" />
<trkpt lat="66.6206" lon="6.7434" alt="114668" speed="10.82" heading="249.00" time="07/11/24 01:18:43" />
<trkpt lat="66.3870" lon="6.0698" alt="114264" speed="25.27" heading="234.00" time="07/11/24 02:19:55" />
<trkpt lat="66.1196" lon="5.0523" alt="115513" speed="33.96" heading="239.00" time="07/11/24 03:21:08" />
<trkpt lat="66.1055" lon="3.5882" alt="116886" speed="28.29" heading="283.00" time="07/11/24 04:22:20" />
<trkpt lat="66.1404" lon="2.7338" alt="118749" speed="22.64" heading="271.00" time="07/11/24 05:23:32" />
<trkpt lat="66.1021" lon="1.8254" alt="119251" speed="24.42" heading="278.00" time="07/11/24 06:24:45" />
<trkpt lat="66.1064" lon="1.0577" alt="120612" speed="25.60" heading="270.00" time="07/11/24 07:25:57" />
<trkpt lat="66.0538" lon="-0.2622" alt="121658" speed="30.76" heading="266.00" time="07/11/24 08:27:09" />
<trkpt lat="66.1263" lon="-1.5322" alt="122543" speed="29.30" heading="281.00" time="07/11/24 09:28:22" />
<trkpt lat="66.2290" lon="-2.5958" alt="121343" speed="32.49" heading="278.00" time="07/11/24 10:29:34" />
<trkpt lat="66.2575" lon="-2.9250" alt="120948" speed="31.36" heading="285.00" time="07/11/24 10:44:52" />
<trkpt lat="66.2891" lon="-3.2605" alt="120912" speed="31.88" heading="283.00" time="07/11/24 11:00:10" />
<trkpt lat="66.3025" lon="-3.5419" alt="121265" speed="26.61" heading="271.00" time="07/11/24 11:15:28" />
<trkpt lat="66.3104" lon="-3.8349" alt="121472" speed="27.38" heading="275.00" time="07/11/24 11:30:47" />
<trkpt lat="66.3331" lon="-4.1340" alt="121163" speed="29.59" heading="283.00" time="07/11/24 11:46:05" />
<trkpt lat="66.3487" lon="-4.4035" alt="121070" speed="27.39" heading="271.00" time="07/11/24 12:01:23" />
<trkpt lat="66.3466" lon="-4.7009" alt="120668" speed="26.82" heading="261.00" time="07/11/24 12:16:41" />
<trkpt lat="66.3377" lon="-4.9684" alt="120253" speed="25.03" heading="267.00" time="07/11/24 12:31:59" />
<trkpt lat="66.3328" lon="-5.2446" alt="119334" speed="24.01" heading="267.00" time="07/11/24 12:47:17" />
<trkpt lat="66.3275" lon="-5.5095" alt="119099" speed="27.33" heading="260.00" time="07/11/24 13:02:35" />
<trkpt lat="66.3209" lon="-5.7787" alt="118157" speed="26.52" heading="276.00" time="07/11/24 13:17:53" />
<trkpt lat="66.3174" lon="-6.0757" alt="117244" speed="27.71" heading="260.00" time="07/11/24 13:33:11" />
<trkpt lat="66.2914" lon="-6.2965" alt="116833" speed="27.89" heading="246.00" time="07/11/24 13:48:29" />
<trkpt lat="66.2392" lon="-6.5341" alt="116479" speed="24.77" heading="237.00" time="07/11/24 14:03:48" />
<trkpt lat="66.1845" lon="-6.7400" alt="116368" speed="22.42" heading="230.00" time="07/11/24 14:19:06" />
<trkpt lat="66.1280" lon="-6.9099" alt="116302" speed="23.13" heading="232.00" time="07/11/24 14:34:24" />
<trkpt lat="66.0691" lon="-7.0774" alt="115792" speed="22.86" heading="233.00" time="07/11/24 14:49:42" />
<trkpt lat="66.0121" lon="-7.2350" alt="115454" speed="20.39" heading="228.00" time="07/11/24 15:05:00" />
<trkpt lat="65.9584" lon="-7.3999" alt="115448" speed="21.40" heading="233.00" time="07/11/24 15:20:18" />
<trkpt lat="65.9047" lon="-7.5846" alt="115380" speed="23.77" heading="233.00" time="07/11/24 15:35:36" />
<trkpt lat="65.8455" lon="-7.7995" alt="115751" speed="25.68" heading="238.00" time="07/11/24 15:50:54" />
<trkpt lat="65.7914" lon="-8.0242" alt="116066" speed="26.88" heading="240.00" time="07/11/24 16:06:12" />
<trkpt lat="65.7384" lon="-8.2719" alt="115968" speed="26.41" heading="237.00" time="07/11/24 16:21:30" />
<trkpt lat="65.6856" lon="-8.5014" alt="115881" speed="29.43" heading="245.00" time="07/11/24 16:36:48" />
<trkpt lat="65.6398" lon="-8.7595" alt="115999" speed="28.71" heading="246.00" time="07/11/24 16:52:07" />
<trkpt lat="65.5969" lon="-9.0324" alt="115842" speed="31.33" heading="249.00" time="07/11/24 17:07:25" />
<trkpt lat="65.5538" lon="-9.3218" alt="115086" speed="30.98" heading="252.00" time="07/11/24 17:22:43" />
<trkpt lat="65.4775" lon="-9.8369" alt="115054" speed="26.52" heading="243.00" time="07/11/24 17:38:01" />
<trkpt lat="65.4444" lon="-10.0900" alt="115210" speed="30.49" heading="260.00" time="07/11/24 17:53:19" />
<trkpt lat="65.4090" lon="-10.4019" alt="115152" speed="32.90" heading="259.00" time="07/11/24 18:08:37" />
<trkpt lat="65.3934" lon="-10.7349" alt="115076" speed="35.79" heading="266.00" time="07/11/24 18:23:55" />
<trkpt lat="65.3828" lon="-11.0644" alt="115392" speed="34.50" heading="268.00" time="07/11/24 18:39:13" />
<trkpt lat="65.3801" lon="-11.4576" alt="115206" speed="37.39" heading="269.00" time="07/11/24 18:54:31" />
<trkpt lat="65.3833" lon="-11.8140" alt="115309" speed="37.30" heading="272.00" time="07/11/24 19:09:49" />
<trkpt lat="65.3873" lon="-12.1423" alt="115233" speed="32.98" heading="272.00" time="07/11/24 19:25:08" />
<trkpt lat="65.3992" lon="-12.4709" alt="115106" speed="37.06" heading="278.00" time="07/11/24 19:40:26" />
<trkpt lat="65.4199" lon="-12.8018" alt="114954" speed="33.67" heading="279.00" time="07/11/24 19:55:44" />
<trkpt lat="65.4431" lon="-13.1038" alt="114833" speed="34.07" heading="282.00" time="07/11/24 20:11:02" />
<trkpt lat="65.4647" lon="-13.4023" alt="114904" speed="30.71" heading="280.00" time="07/11/24 20:26:20" />
<trkpt lat="65.4900" lon="-13.6962" alt="115203" speed="27.88" heading="277.00" time="07/11/24 20:41:38" />
<trkpt lat="65.5180" lon="-13.9638" alt="115018" speed="26.05" heading="284.00" time="07/11/24 20:56:56" />
<trkpt lat="65.5460" lon="-14.2054" alt="115471" speed="27.06" heading="286.00" time="07/11/24 21:12:14" />
<trkpt lat="65.5801" lon="-14.4576" alt="116056" speed="25.21" heading="289.00" time="07/11/24 21:27:32" />
<trkpt lat="65.6210" lon="-14.6858" alt="116087" speed="25.34" heading="295.00" time="07/11/24 21:42:50" />
<trkpt lat="65.6633" lon="-14.8813" alt="116686" speed="20.92" heading="298.00" time="07/11/24 21:58:09" />
<trkpt lat="65.7066" lon="-15.0025" alt="116896" speed="14.93" heading="319.00" time="07/11/24 22:13:27" />
<trkpt lat="65.7522" lon="-15.0754" alt="116985" speed="9.55" heading="330.00" time="07/11/24 22:28:45" />
<trkpt lat="65.7836" lon="-15.1215" alt="116868" speed="7.48" heading="326.00" time="07/11/24 22:44:03" />
<trkpt lat="65.8018" lon="-15.1633" alt="116719" speed="5.82" heading="316.00" time="07/11/24 22:59:21" />
<trkpt lat="65.8129" lon="-15.2167" alt="116714" speed="5.33" heading="284.00" time="07/11/24 23:14:39" />
<trkpt lat="65.8114" lon="-15.2551" alt="116470" speed="2.60" heading="258.00" time="07/11/24 23:29:57" />
<trkpt lat="65.8034" lon="-15.2988" alt="116427" speed="4.35" heading="236.00" time="07/11/24 23:45:15" />
<trkpt lat="65.7924" lon="-15.3461" alt="116080" speed="6.54" heading="215.00" time="07/12/24 00:00:33" />
<trkpt lat="65.7755" lon="-15.4078" alt="116088" speed="8.89" heading="237.00" time="07/12/24 00:15:51" />
<trkpt lat="65.7551" lon="-15.4826" alt="116221" speed="8.78" heading="229.00" time="07/12/24 00:31:09" />
<trkpt lat="65.7154" lon="-15.6241" alt="116098" speed="9.77" heading="227.00" time="07/12/24 00:46:28" />
<trkpt lat="65.6877" lon="-15.6986" alt="116072" speed="10.69" heading="227.00" time="07/12/24 01:01:46" />
<trkpt lat="65.6412" lon="-15.7704" alt="115548" speed="12.57" heading="200.00" time="07/12/24 01:17:04" />
<trkpt lat="65.5953" lon="-15.8386" alt="115160" speed="15.63" heading="214.00" time="07/12/24 01:32:22" />
<trkpt lat="65.5376" lon="-15.9756" alt="114684" speed="18.02" heading="224.00" time="07/12/24 01:47:40" />
<trkpt lat="65.4890" lon="-16.0932" alt="114592" speed="17.18" heading="230.00" time="07/12/24 02:02:58" />
<trkpt lat="65.4507" lon="-16.2421" alt="114558" speed="19.43" heading="237.00" time="07/12/24 02:18:16" />
<trkpt lat="65.4112" lon="-16.4022" alt="114905" speed="20.56" heading="244.00" time="07/12/24 02:33:34" />
<trkpt lat="65.3773" lon="-16.5975" alt="114943" speed="23.60" heading="245.00" time="07/12/24 02:48:52" />
<trkpt lat="65.3246" lon="-16.8258" alt="115233" speed="20.61" heading="240.00" time="07/12/24 03:04:11" />
<trkpt lat="65.2801" lon="-17.0324" alt="115798" speed="22.76" heading="243.00" time="07/12/24 03:19:29" />
<trkpt lat="65.2293" lon="-17.2628" alt="116435" speed="29.15" heading="236.00" time="07/12/24 03:34:47" />
<trkpt lat="65.1544" lon="-17.5485" alt="116821" speed="35.32" heading="237.00" time="07/12/24 03:50:05" />
<trkpt lat="65.0798" lon="-17.8721" alt="116919" speed="42.35" heading="242.00" time="07/12/24 04:05:23" />
<trkpt lat="64.9989" lon="-18.2895" alt="116911" speed="45.19" heading="248.00" time="07/12/24 04:20:41" />
<trkpt lat="64.9367" lon="-18.7244" alt="117112" speed="46.07" heading="254.00" time="07/12/24 04:35:59" />
<trkpt lat="64.8941" lon="-19.1565" alt="117331" speed="45.48" heading="258.00" time="07/12/24 04:51:17" />
<trkpt lat="64.8677" lon="-19.6234" alt="117239" speed="45.42" heading="264.00" time="07/12/24 05:06:35" />
<trkpt lat="64.8529" lon="-20.0491" alt="117515" speed="40.20" heading="265.00" time="07/12/24 05:21:54" />
<trkpt lat="64.8438" lon="-20.4644" alt="117325" speed="41.00" heading="269.00" time="07/12/24 05:37:12" />
<trkpt lat="64.8456" lon="-20.8261" alt="117506" speed="35.07" heading="273.00" time="07/12/24 05:52:30" />
<trkpt lat="64.8537" lon="-21.1632" alt="117706" speed="34.19" heading="271.00" time="07/12/24 06:07:48" />
<trkpt lat="64.8603" lon="-21.4711" alt="117576" speed="32.43" heading="271.00" time="07/12/24 06:23:06" />
<trkpt lat="64.8677" lon="-21.7896" alt="117249" speed="35.34" heading="274.00" time="07/12/24 06:38:24" />
<trkpt lat="64.8879" lon="-22.1394" alt="117139" speed="34.71" heading="280.00" time="07/12/24 06:53:42" />
<trkpt lat="64.9225" lon="-22.5005" alt="116955" speed="39.74" heading="283.00" time="07/12/24 07:09:00" />
<trkpt lat="64.9607" lon="-22.8897" alt="116982" speed="41.96" heading="282.00" time="07/12/24 07:24:18" />
<trkpt lat="65.0071" lon="-23.2980" alt="117008" speed="42.18" heading="282.00" time="07/12/24 07:39:36" />
<trkpt lat="65.0546" lon="-23.7265" alt="116824" speed="49.43" heading="283.00" time="07/12/24 07:54:55" />
<trkpt lat="65.1118" lon="-24.1665" alt="116729" speed="44.89" heading="288.00" time="07/12/24 08:10:13" />
<trkpt lat="65.1816" lon="-24.5823" alt="116398" speed="44.81" heading="294.00" time="07/12/24 08:25:31" />
<trkpt lat="65.2685" lon="-24.9321" alt="116941" speed="40.85" heading="301.00" time="07/12/24 08:40:49" />
<trkpt lat="65.3649" lon="-25.2543" alt="117398" speed="30.96" heading="306.00" time="07/12/24 08:56:07" />
<trkpt lat="65.4219" lon="-25.5037" alt="117155" speed="24.19" heading="288.00" time="07/12/24 09:11:25" />
<trkpt lat="65.4561" lon="-25.7230" alt="116944" speed="22.13" heading="289.00" time="07/12/24 09:26:43" />
<trkpt lat="65.4821" lon="-25.9470" alt="117356" speed="22.34" heading="275.00" time="07/12/24 09:42:01" />
<trkpt lat="65.4871" lon="-26.1695" alt="117342" speed="22.40" heading="270.00" time="07/12/24 09:57:19" />
<trkpt lat="65.4876" lon="-26.3730" alt="117187" speed="21.33" heading="269.00" time="07/12/24 10:12:37" />
<trkpt lat="65.4864" lon="-26.5894" alt="117835" speed="20.94" heading="260.00" time="07/12/24 10:27:56" />
<trkpt lat="65.4797" lon="-26.7991" alt="118105" speed="20.59" heading="266.00" time="07/12/24 10:43:14" />
</trkseg>
</trk>
</Track>
