<Track>
<Waypoint lat="67.8900" lon="21.0800" alt="1199.7" name="Kiruna Sweden" />
<Waypoint lat="65.4090" lon="-10.4019" alt="115152" name="Payload Position" />
<trk>
<trkseg>
<trkpt lat="67.8893" lon="21.0826" alt="1238" speed="0.00" heading="0.00" time="07/09/24 20:44:52" />
<trkpt lat="67.8888" lon="21.0830" alt="1207" speed="0.00" heading="0.00" time="07/09/24 21:46:05" />
<trkpt lat="67.8889" lon="21.0831" alt="1208" speed="0.00" heading="0.00" time="07/09/24 22:47:19" />
<trkpt lat="67.8869" lon="21.0848" alt="1193" speed="0.00" heading="0.00" time="07/09/24 23:48:32" />
<trkpt lat="67.8870" lon="21.0847" alt="1195" speed="0.00" heading="0.00" time="07/10/24 00:49:44" />
<trkpt lat="67.8869" lon="21.0847" alt="1188" speed="0.00" heading="0.00" time="07/10/24 01:50:57" />
<trkpt lat="67.8869" lon="21.0848" alt="1181" speed="0.00" heading="0.00" time="07/10/24 02:52:09" />
<trkpt lat="67.8869" lon="21.0847" alt="1186" speed="0.00" heading="0.00" time="07/10/24 03:53:22" />
<trkpt lat="67.8574" lon="21.1376" alt="33537" speed="12.62" heading="264.00" time="07/10/24 04:54:34" />
<trkpt lat="67.9159" lon="21.4100" alt="64162" speed="5.56" heading="338.00" time="07/10/24 05:55:47" />
<trkpt lat="67.9689" lon="21.0627" alt="102763" speed="24.59" heading="290.00" time="07/10/24 06:56:59" />
<trkpt lat="68.0056" lon="20.0441" alt="122799" speed="29.21" heading="284.00" time="07/10/24 07:58:12" />
<trkpt lat="68.0679" lon="18.6975" alt="122329" speed="26.85" heading="265.00" time="07/10/24 08:59:24" />
<trkpt lat="68.1584" lon="17.6036" alt="122044" speed="21.38" heading="285.00" time="07/10/24 10:00:37" />
<trkpt lat="68.2438" lon="16.6604" alt="122831" speed="21.32" heading="288.00" time="07/10/24 11:01:49" />
<trkpt lat="68.3132" lon="15.7044" alt="122229" speed="19.52" heading="285.00" time="07/10/24 12:03:02" />
<trkpt lat="68.3507" lon="15.0451" alt="122211" speed="17.56" heading="286.00" time="07/10/24 13:04:14" />
<trkpt lat="68.3459" lon="14.5243" alt="123001" speed="14.59" heading="254.00" time="07/10/24 14:05:26" />
<trkpt lat="68.2871" lon="13.9985" alt="123030" speed="14.84" heading="251.00" time="07/10/24 15:06:39" />
<trkpt lat="68.1451" lon="13.3625" alt="122797" speed="17.54" heading="235.00" time="07/10/24 16:07:51" />
<trkpt lat="67.9209" lon="12.5584" alt="122849" speed="28.64" heading="232.00" time="07/10/24 17:09:04" />
<trkpt lat="67.8582" lon="12.3140" alt="122744" speed="26.12" heading="239.00" time="07/10/24 17:24:22" />
<trkpt lat="67.8115" lon="12.0540" alt="122258" speed="25.35" heading="252.00" time="07/10/24 17:39:40" />
<trkpt lat="67.7882" lon="11.7776" alt="122289" speed="24.97" heading="258.00" time="07/10/24 17:54:58" />
<trkpt lat="67.7651" lon="11.5096" alt="121791" speed="23.63" heading="250.00" time="07/10/24 18:10:16" />
<trkpt lat="67.7374" lon="11.2763" alt="121827" speed="20.55" heading="252.00" time="07/10/24 18:25:34" />
<trkpt lat="67.6987" lon="11.0624" alt="121757" speed="23.24" heading="243.00" time="07/10/24 18:40:52" />
<trkpt lat="67.6542" lon="10.8335" alt="121445" speed="24.02" heading="251.00" time="07/10/24 18:56:10" />
<trkpt lat="67.6317" lon="10.5536" alt="120925" speed="26.28" heading="256.00" time="07/10/24 19:11:28" />
<trkpt lat="67.5966" lon="10.2793" alt="120220" speed="29.79" heading="251.00" time="07/10/24 19:26:46" />
<trkpt lat="67.5642" lon="9.9386" alt="119677" speed="31.64" heading="257.00" time="07/10/24 19:42:05" />
<trkpt lat="67.5390" lon="9.6664" alt="118928" speed="19.78" heading="247.00" time="07/10/24 19:57:23" />
<trkpt lat="67.5102" lon="9.5142" alt="119354" speed="15.20" heading="239.00" time="07/10/24 20:12:41" />
<trkpt lat="67.4503" lon="9.3938" alt="118575" speed="18.82" heading="218.00" time="07/10/24 20:27:59" />
<trkpt lat="67.3977" lon="9.2444" alt="118473" speed="21.94" heading="230.00" time="07/10/24 20:43:17" />
<trkpt lat="67.3541" lon="9.0250" alt="117738" speed="22.19" heading="238.00" time="07/10/24 20:58:35" />
<trkpt lat="67.2987" lon="8.8038" alt="117395" speed="24.41" heading="234.00" time="07/10/24 21:13:53" />
<trkpt lat="67.2380" lon="8.6052" alt="117198" speed="24.55" heading="224.00" time="07/10/24 21:29:11" />
<trkpt lat="67.1494" lon="8.4160" alt="116762" speed="26.45" heading="221.00" time="07/10/24 21:44:29" />
<trkpt lat="67.0789" lon="8.2237" alt="117048" speed="22.06" heading="227.00" time="07/10/24 21:59:47" />
<trkpt lat="67.0189" lon="8.0584" alt="117003" speed="22.39" heading="222.00" time="07/10/24 22:15:05" />
<trkpt lat="66.9401" lon="7.8450" alt="116526" speed="28.65" heading="227.00" time="07/10/24 22:30:24" />
<trkpt lat="66.8923" lon="7.6393" alt="115942" speed="19.04" heading="249.00" time="07/10/24 22:45:42" />
<trkpt lat="66.8755" lon="7.4771" alt="116242" speed="17.84" heading="260.00" time="07/10/24 23:01:00" />
<trkpt lat="66.8659" lon="7.2789" alt="116026" speed="13.65" heading="261.00" time="07/10/24 23:16:18" />
<trkpt lat="66.8414" lon="7.1574" alt="115940" speed="13.16" heading="223.00" time="07/10/24 23:31:36" />
<trkpt lat="66.7967" lon="7.0641" alt="115360" speed="13.92" heading="210.00" time="07/10/24 23:46:54" />
<trkpt lat="66.7493" lon="6.9949" alt="114870" speed="10.94" heading="216.00" time="07/11/24 00:02:12" />
<trkpt lat="66.7102" lon="6.9397" alt="114620" speed="10.53" heading="199.00" time="07/11/24 00:17:30" />
<trkpt lat="66.6776" lon="6.8901" alt="114342" speed="7.98" heading="201.00" time="07/11/24 00:32:48" />
<trkpt lat="66.6481" lon="6.8575" alt="114214" speed="6.25" heading="222.00" time="07/11/24 00:48:06" />
<trkpt lat="66.6337" lon="6.8143" alt="114216" speed="4.52" heading="211.00" time="07/11/24 01:03:25" />
<trkpt lat="66.6206" lon="6.7434" alt="114668" speed="10.82" heading="249.00" time="07/11/24 01:18:43" />
<trkpt lat="66.5804" lon="6.6193" alt="114813" speed="19.34" heading="227.00" time="07/11/24 01:34:01" />
<trkpt lat="66.5173" lon="6.4469" alt="114578" speed="22.46" heading="221.00" time="07/11/24 01:49:19" />
<trkpt lat="66.4491" lon="6.2865" alt="114657" speed="23.21" heading="228.00" time="07/11/24 02:04:37" />
<trkpt lat="66.3870" lon="6.0698" alt="114264" speed="25.27" heading="234.00" time="07/11/24 02:19:55" />
<trkpt lat="66.3295" lon="5.8293" alt="114204" speed="27.81" heading="240.00" time="07/11/24 02:35:13" />
<trkpt lat="66.2664" lon="5.5841" alt="114441" speed="29.00" heading="233.00" time="07/11/24 02:50:31" />
<trkpt lat="66.1925" lon="5.3372" alt="114970" speed="30.91" heading="233.00" time="07/11/24 03:05:50" />
<trkpt lat="66.1196" lon="5.0523" alt="115513" speed="33.96" heading="239.00" time="07/11/24 03:21:08" />
<trkpt lat="66.0619" lon="4.6988" alt="116741" speed="41.51" heading="259.00" time="07/11/24 03:36:26" />
<trkpt lat="66.0538" lon="4.2701" alt="116990" speed="40.14" heading="272.00" time="07/11/24 03:51:44" />
<trkpt lat="66.0810" lon="3.8953" alt="117309" speed="34.22" heading="281.00" time="07/11/24 04:07:02" />
<trkpt lat="66.1055" lon="3.5882" alt="116886" speed="28.29" heading="283.00" time="07/11/24 04:22:20" />
<trkpt lat="66.1378" lon="3.3211" alt="117442" speed="26.89" heading="289.00" time="07/11/24 04:37:38" />
<trkpt lat="66.1604" lon="3.1091" alt="117533" speed="14.35" heading="271.00" time="07/11/24 04:52:56" />
<trkpt lat="66.1509" lon="2.9426" alt="118103" speed="19.73" heading="263.00" time="07/11/24 05:08:14" />
<trkpt lat="66.1404" lon="2.7338" alt="118749" speed="22.64" heading="271.00" time="07/11/24 05:23:32" />
<trkpt lat="66.1426" lon="2.4890" alt="118753" speed="23.70" heading="269.00" time="07/11/24 05:38:50" />
<trkpt lat="66.1245" lon="2.2749" alt="119312" speed="19.63" heading="254.00" time="07/11/24 05:54:08" />
<trkpt lat="66.1087" lon="2.0509" alt="119342" speed="22.15" heading="262.00" time="07/11/24 06:09:27" />
<trkpt lat="66.1021" lon="1.8254" alt="119251" speed="24.42" heading="278.00" time="07/11/24 06:24:45" />
<trkpt lat="66.1077" lon="1.6264" alt="119975" speed="19.61" heading="269.00" time="07/11/24 06:40:03" />
<trkpt lat="66.1056" lon="1.4407" alt="120245" speed="17.26" heading="262.00" time="07/11/24 06:55:21" />
<trkpt lat="66.1049" lon="1.2740" alt="120848" speed="15.05" heading="277.00" time="07/11/24 07:10:39" />
<trkpt lat="66.1064" lon="1.0577" alt="120612" speed="25.60" heading="270.00" time="07/11/24 07:25:57" />
<trkpt lat="66.0964" lon="0.7493" alt="121057" speed="33.66" heading="265.00" time="07/11/24 07:41:15" />
<trkpt lat="66.0811" lon="0.4071" alt="121515" speed="31.37" heading="265.00" time="07/11/24 07:56:33" />
<trkpt lat="66.0693" lon="0.0493" alt="121313" speed="33.28" heading="262.00" time="07/11/24 08:11:51" />
<trkpt lat="66.0538" lon="-0.2622" alt="121658" speed="30.76" heading="266.00" time="07/11/24 08:27:09" />
<trkpt lat="66.0486" lon="-0.5995" alt="122093" speed="32.32" heading="272.00" time="07/11/24 08:42:27" />
<trkpt lat="66.0682" lon="-0.9348" alt="122214" speed="31.80" heading="280.00" time="07/11/24 08:57:46" />
<trkpt lat="66.0975" lon="-1.2404" alt="122480" speed="28.74" heading="284.00" time="07/11/24 09:13:04" />
<trkpt lat="66.1263" lon="-1.5322" alt="122543" speed="29.30" heading="281.00" time="07/11/24 09:28:22" />
<trkpt lat="66.1480" lon="-1.8148" alt="122167" speed="25.53" heading="278.00" time="07/11/24 09:43:40" />
<trkpt lat="66.1715" lon="-2.0562" alt="122264" speed="27.07" heading="286.00" time="07/11/24 09:58:58" />
<trkpt lat="66.2008" lon="-2.3084" alt="121803" speed="26.16" heading="286.00" time="07/11/24 10:14:16" />
<trkpt lat="66.2290" lon="-2.5958" alt="121343" speed="32.49" heading="278.00" time="07/11/24 10:29:34" />
<trkpt lat="66.2575" lon="-2.9250" alt="120948" speed="31.36" heading="285.00" time="07/11/24 10:44:52" />
<trkpt lat="66.2891" lon="-3.2605" alt="120912" speed="31.88" heading="283.00" time="07/11/24 11:00:10" />
<trkpt lat="66.3025" lon="-3.5419" alt="121265" speed="26.61" heading="271.00" time="07/11/24 11:15:28" />
<trkpt lat="66.3104" lon="-3.8349" alt="121472" speed="27.38" heading="275.00" time="07/11/24 11:30:47" />
<trkpt lat="66.3331" lon="-4.1340" alt="121163" speed="29.59" heading="283.00" time="07/11/24 11:46:05" />
<trkpt lat="66.3487" lon="-4.4035" alt="121070" speed="27.39" heading="271.00" time="07/11/24 12:01:23" />
<trkpt lat="66.3466" lon="-4.7009" alt="120668" speed="26.82" heading="261.00" time="07/11/24 12:16:41" />
<trkpt lat="66.3377" lon="-4.9684" alt="120253" speed="25.03" heading="267.00" time="07/11/24 12:31:59" />
<trkpt lat="66.3328" lon="-5.2446" alt="119334" speed="24.01" heading="267.00" time="07/11/24 12:47:17" />
<trkpt lat="66.3275" lon="-5.5095" alt="119099" speed="27.33" heading="260.00" time="07/11/24 13:02:35" />
<trkpt lat="66.3209" lon="-5.7787" alt="118157" speed="26.52" heading="276.00" time="07/11/24 13:17:53" />
<trkpt lat="66.3174" lon="-6.0757" alt="117244" speed="27.71" heading="260.00" time="07/11/24 13:33:11" />
<trkpt lat="66.2914" lon="-6.2965" alt="116833" speed="27.89" heading="246.00" time="07/11/24 13:48:29" />
<trkpt lat="66.2392" lon="-6.5341" alt="116479" speed="24.77" heading="237.00" time="07/11/24 14:03:48" />
<trkpt lat="66.1845" lon="-6.7400" alt="116368" speed="22.42" heading="230.00" time="07/11/24 14:19:06" />
<trkpt lat="66.1280" lon="-6.9099" alt="116302" speed="23.13" heading="232.00" time="07/11/24 14:34:24" />
<trkpt lat="66.0691" lon="-7.0774" alt="115792" speed="22.86" heading="233.00" time="07/11/24 14:49:42" />
<trkpt lat="66.0121" lon="-7.2350" alt="115454" speed="20.39" heading="228.00" time="07/11/24 15:05:00" />
<trkpt lat="65.9584" lon="-7.3999" alt="115448" speed="21.40" heading="233.00" time="07/11/24 15:20:18" />
<trkpt lat="65.9047" lon="-7.5846" alt="115380" speed="23.77" heading="233.00" time="07/11/24 15:35:36" />
<trkpt lat="65.8455" lon="-7.7995" alt="115751" speed="25.68" heading="238.00" time="07/11/24 15:50:54" />
<trkpt lat="65.7914" lon="-8.0242" alt="116066" speed="26.88" heading="240.00" time="07/11/24 16:06:12" />
<trkpt lat="65.7384" lon="-8.2719" alt="115968" speed="26.41" heading="237.00" time="07/11/24 16:21:30" />
<trkpt lat="65.6856" lon="-8.5014" alt="115881" speed="29.43" heading="245.00" time="07/11/24 16:36:48" />
<trkpt lat="65.6398" lon="-8.7595" alt="115999" speed="28.71" heading="246.00" time="07/11/24 16:52:07" />
<trkpt lat="65.5969" lon="-9.0324" alt="115842" speed="31.33" heading="249.00" time="07/11/24 17:07:25" />
<trkpt lat="65.5538" lon="-9.3218" alt="115086" speed="30.98" heading="252.00" time="07/11/24 17:22:43" />
<trkpt lat="65.4775" lon="-9.8369" alt="115054" speed="26.52" heading="243.00" time="07/11/24 17:38:01" />
<trkpt lat="65.4444" lon="-10.0900" alt="115210" speed="30.49" heading="260.00" time="07/11/24 17:53:19" />
<trkpt lat="65.4090" lon="-10.4019" alt="115152" speed="32.90" heading="259.00" time="07/11/24 18:08:37" />
</trkseg>
</trk>
</Track>
